id,businessId,name,stage,startDate,closeDate,notes,userId,createdAt,updatedAt,lastActivityDate,nextActivityDate,responsibleId,hasRequest,bookingRequestId,dealId,lostReason,name
,cml8gykdj0002rbhpi1zmw5xm,5inco 2025|Jun-2025-I,Iniciación,6/4/2025,,,user_38w3kMPJn8vNMvILexCx95wSjTP,6/4/2025,,,,user_38w3kMPJn8vNMvILexCx95wSjTP,FALSE,,,,
,cml8gykis0003rbhpkupteyuw,A la Chingada - Q1 2026|Feb-2026-I,Iniciación,2/21/2026,,,user_39B2dgxxU9FpCItuDzDvGc7OYQV,2/21/2026,,,,user_39B2dgxxU9FpCItuDzDvGc7OYQV,FALSE,,,,
,cml8gymyy000qrbhp190qjaac,A su Mare 2025|Jan-2025-I,Iniciación,1/15/2025,,,user_38w3kMPJn8vNMvILexCx95wSjTP,1/15/2025,,,,user_38w3kMPJn8vNMvILexCx95wSjTP,FALSE,,,,
,cmk5xl8he0078hpexmt7vr4bj,Acai 2025|May-2025-I,Iniciación,5/14/2025,,,user_38w3kMPJn8vNMvILexCx95wSjTP,5/14/2025,,,,user_38w3kMPJn8vNMvILexCx95wSjTP,FALSE,,,,
,cmk5zix470332hpilsg4nbor7,Agape 7 s.a |Nov-2025-I,Iniciación,11/25/2025,,,user_38w3kMPJn8vNMvILexCx95wSjTP,11/25/2025,,,,user_38w3kMPJn8vNMvILexCx95wSjTP,FALSE,,,,
,cml8gylbc0006rbhpkkmc59fa,Ahumados / Pa´la playa /  Smoked Mamma - Q1 2025|Mar-2025-I,Reunión,3/20/2025,,,user_39B2dgxxU9FpCItuDzDvGc7OYQV,3/20/2025,,,,user_39B2dgxxU9FpCItuDzDvGc7OYQV,FALSE,,,,
,cmk5xllfq00ckhpex99p43krt,Al Alma cafe - Q1 2026|Jan-2026-I,Iniciación,1/26/2026,,,user_39B2dgxxU9FpCItuDzDvGc7OYQV,1/26/2026,,,,user_39B2dgxxU9FpCItuDzDvGc7OYQV,FALSE,,,,
,cml8gyldp0007rbhp60z6v9dr,Al estilo Nica - Q3 2025|Jun-2025-I,Reunión,6/27/2025,,,user_39B2dgxxU9FpCItuDzDvGc7OYQV,6/27/2025,,,,user_39B2dgxxU9FpCItuDzDvGc7OYQV,FALSE,,,,
,cml8g92s200t4nvhplnpx2kfy,Al Forno Pizzeria - Q3 2025|Sep-2025-I,Reunión,9/3/2025,,,user_39B2dgxxU9FpCItuDzDvGc7OYQV,9/3/2025,,,,user_39B2dgxxU9FpCItuDzDvGc7OYQV,FALSE,,,,
,cmk5zd4ci00pshpil2nsu73jb,Alamo Q2 2025|Apr-2025-I,Reunión,4/3/2025,,,user_39B2dgxxU9FpCItuDzDvGc7OYQV,4/3/2025,,,,user_39B2dgxxU9FpCItuDzDvGc7OYQV,FALSE,,,,
,cmk5z8u2r00whhp0tpv4z3uy4,Albrook Bowling |Feb-2026-I,Iniciación,2/4/2026,,,user_38J3Yv989jVwEUtbVk9VWJUVSxs,2/4/2026,,,,user_38J3Yv989jVwEUtbVk9VWJUVSxs,FALSE,,,,
,cmk5xkylt0036hpexu9q8zr6t,Aless Cleaning|Jan-2026-I,Iniciación,1/14/2026,,,user_38w3kMPJn8vNMvILexCx95wSjTP,1/14/2026,,,,user_38w3kMPJn8vNMvILexCx95wSjTP,FALSE,,,,
,cml8gacpb019gnvhpcyux8k4c,Alitas Salvajes|Dec-2025-I,Iniciación,12/2/2025,,,user_39B2dgxxU9FpCItuDzDvGc7OYQV,12/2/2025,,,,user_39B2dgxxU9FpCItuDzDvGc7OYQV,FALSE,,,,
,cml8gylkz000arbhpmaf6gbqx,Alma Libre|Sep-2025-I,Iniciación,9/9/2025,,,user_38w3kMPJn8vNMvILexCx95wSjTP,9/9/2025,,,,user_38w3kMPJn8vNMvILexCx95wSjTP,FALSE,,,,
,cml8gyls5000crbhpoui0wl1u,Aloft - Q1 2026|Feb-2026-I,Iniciación,2/10/2026,,,user_38w3kMPJn8vNMvILexCx95wSjTP,2/10/2026,,,,user_38w3kMPJn8vNMvILexCx95wSjTP,FALSE,,,,
,cml8gylx7000drbhpe31elh7n,Amado Coffee 2025|May-2025-I,Iniciación,5/22/2025,,,user_39B2dgxxU9FpCItuDzDvGc7OYQV,5/22/2025,,,,user_39B2dgxxU9FpCItuDzDvGc7OYQV,FALSE,,,,
,cmk5xlgqv00amhpexq9y5n8fr,Amala Wings - Q4 2025|Sep-2025-I,Iniciación,9/12/2025,,,user_38w3kMPJn8vNMvILexCx95wSjTP,9/12/2025,,,,user_38w3kMPJn8vNMvILexCx95wSjTP,FALSE,,,,
,cml8gjxnh01oinvhpz7ccoja3,Amar by Playa Farallón - Q2 2026|Feb-2026-I,Iniciación,2/14/2026,,,user_39B2dgxxU9FpCItuDzDvGc7OYQV,2/14/2026,,,,user_39B2dgxxU9FpCItuDzDvGc7OYQV,FALSE,,,,
,cmk5zfi3i01owhpilxye4ty6i,Amarantto - Q2 2025|Apr-2025-I,Iniciación,4/11/2025,,,user_39B2dgxxU9FpCItuDzDvGc7OYQV,4/11/2025,,,,user_39B2dgxxU9FpCItuDzDvGc7OYQV,FALSE,,,,
,cmk5xljtm00bwhpextgisyjvz,Amarte wellness and care center |Sep-2025-I,Iniciación,9/12/2025,,,user_39B2dgxxU9FpCItuDzDvGc7OYQV,9/12/2025,,,,user_39B2dgxxU9FpCItuDzDvGc7OYQV,FALSE,,,,
,cmk5zesbv01eehpila7ws3l75,American Beauty|Dec-2025-I,Iniciación,12/3/2025,,,user_38w3kMPJn8vNMvILexCx95wSjTP,12/3/2025,,,,user_38w3kMPJn8vNMvILexCx95wSjTP,FALSE,,,,
,cml8gym20000frbhporepfmih,American Pets - Q1 2026|Feb-2026-I,Reunión,2/3/2026,,,user_38w3kMPJn8vNMvILexCx95wSjTP,2/3/2026,,,,user_38w3kMPJn8vNMvILexCx95wSjTP,FALSE,,,,
,cml8gym6q000hrbhp8h0mpn7l,Ammy Café |Jun-2025-I,Iniciación,6/11/2025,,,user_39B2dgxxU9FpCItuDzDvGc7OYQV,6/11/2025,,,,user_39B2dgxxU9FpCItuDzDvGc7OYQV,FALSE,,,,
,cmk5xlbu0008mhpexjjm6d1l0,Amura Nails - Q1 2026|Jan-2026-I,Iniciación,1/9/2026,,,user_38w3kMPJn8vNMvILexCx95wSjTP,1/9/2026,,,,user_38w3kMPJn8vNMvILexCx95wSjTP,FALSE,,,,
,cmk5zbqh3005chpil29j3o0b5,Angelicius Estetic Center |Jan-2025-I,Reunión,1/2/2025,,,user_39B2dgxxU9FpCItuDzDvGc7OYQV,1/2/2025,,,,user_39B2dgxxU9FpCItuDzDvGc7OYQV,FALSE,,,,
,cml8g70ps002tnvhprc376lbe,Anna Lisa Volpe Medical Spa|Jan-2025-I,Reunión,1/2/2025,,,user_38wAaycls2JvlpO8aN0PymrN8si,1/2/2025,,,,user_38wAaycls2JvlpO8aN0PymrN8si,FALSE,,,,
,cml8gymg6000lrbhpyg7o29fq,Antony Morato |Sep-2025-I,Iniciación,9/23/2025,,,user_38wAaycls2JvlpO8aN0PymrN8si,9/23/2025,,,,user_38wAaycls2JvlpO8aN0PymrN8si,FALSE,,,,
,cml8gymlt000nrbhparlw213f,Aqua Shield - Q4 2025|Dec-2025-I,Reunión,12/3/2025,,,user_38w3kMPJn8vNMvILexCx95wSjTP,12/3/2025,,,,user_38w3kMPJn8vNMvILexCx95wSjTP,FALSE,,,,
,cml8gymo5000orbhpzkmppv7g,Aquatics 2025 |Jul-2025-I,Iniciación,7/15/2025,,,user_39B2dgxxU9FpCItuDzDvGc7OYQV,7/15/2025,,,,user_39B2dgxxU9FpCItuDzDvGc7OYQV,FALSE,,,,
,cmk5zc7ld00cahpilaar3xep9,Arrendadora económica 2025|May-2025-I,Iniciación,5/20/2025,,,user_38w3kMPJn8vNMvILexCx95wSjTP,5/20/2025,,,,user_38w3kMPJn8vNMvILexCx95wSjTP,FALSE,,,,
,cmk5xktr60016hpexy2hs4nau,Asados Gaby Dana Q3 2025|Jul-2025-I,Reunión,7/9/2025,,,user_38w3kMPJn8vNMvILexCx95wSjTP,7/9/2025,,,,user_38w3kMPJn8vNMvILexCx95wSjTP,FALSE,,,,
,cml8gyn1c000rrbhprxc3xzwp,Aura BioBalance - Q3|Aug-2025-I,Reunión,8/13/2025,,,user_38J3Yv989jVwEUtbVk9VWJUVSxs,8/13/2025,,,,user_38J3Yv989jVwEUtbVk9VWJUVSxs,FALSE,,,,
,cml8gyn3p000srbhpok114xk3,Austin Mama's Q3 2025|Jul-2025-I,Iniciación,7/15/2025,,,user_39B2dgxxU9FpCItuDzDvGc7OYQV,7/15/2025,,,,user_39B2dgxxU9FpCItuDzDvGc7OYQV,FALSE,,,,
,cmk5zikoz02y0hpilgjpnqp9u,Avani 2025 |Jan-2025-I,Iniciación,1/24/2025,,,user_38J3Yv989jVwEUtbVk9VWJUVSxs,1/24/2025,,,,user_38J3Yv989jVwEUtbVk9VWJUVSxs,FALSE,,,,
,cmk5zi2t402qohpilurlbuo6e,Avegado 2025|Feb-2025-I,Iniciación,2/27/2025,,,user_38w3kMPJn8vNMvILexCx95wSjTP,2/27/2025,,,,user_38w3kMPJn8vNMvILexCx95wSjTP,FALSE,,,,
,cmk5zfkic01pwhpilrgivaglb,Ay mi negra 2025|Oct-2025-I,Iniciación,10/6/2025,,,user_38w3kMPJn8vNMvILexCx95wSjTP,10/6/2025,,,,user_38w3kMPJn8vNMvILexCx95wSjTP,FALSE,,,,
,cml8gynav000vrbhplf6u0w23,Azotea Solymar - Q1 2025|Jan-2025-I,Iniciación,1/23/2025,,,user_38w3kMPJn8vNMvILexCx95wSjTP,1/23/2025,,,,user_38w3kMPJn8vNMvILexCx95wSjTP,FALSE,,,,
,cml8gynit000yrbhpqi1kuue4,BAGEL SPOT |Nov-2025-I,Iniciación,11/12/2025,,,user_39B2dgxxU9FpCItuDzDvGc7OYQV,11/12/2025,,,,user_39B2dgxxU9FpCItuDzDvGc7OYQV,FALSE,,,,
,cml8gyjob0000rbhprtza67b2,Bakery & Café 888 - Q2 2025|May-2025-I,Iniciación,5/15/2025,,,user_38w3kMPJn8vNMvILexCx95wSjTP,5/15/2025,,,,user_38w3kMPJn8vNMvILexCx95wSjTP,FALSE,,,,
,cmk5zbx390080hpilkrsavkrk,Bamboo 1- 2026|Jan-2026-I,Iniciación,1/16/2026,,,user_39B2dgxxU9FpCItuDzDvGc7OYQV,1/16/2026,,,,user_39B2dgxxU9FpCItuDzDvGc7OYQV,FALSE,,,,
,cml8gyo0y0013rbhp8qe77vtq,BB.q Chicken -Q4 2025|Nov-2025-I,Iniciación,11/19/2025,,,user_38w3kMPJn8vNMvILexCx95wSjTP,11/19/2025,,,,user_38w3kMPJn8vNMvILexCx95wSjTP,FALSE,,,,
,cmk5xl6q7006ihpexfpajd2h0,Bella Beach Club - Q3 2025|May-2025-I,Iniciación,5/27/2025,,,user_39B2dgxxU9FpCItuDzDvGc7OYQV,5/27/2025,,,,user_39B2dgxxU9FpCItuDzDvGc7OYQV,FALSE,,,,
,cml8gyo5u0015rbhpes2so3af,Bella Holdings|Jan-2025-I,Iniciación,1/22/2025,,,user_39B2dgxxU9FpCItuDzDvGc7OYQV,1/22/2025,,,,user_39B2dgxxU9FpCItuDzDvGc7OYQV,FALSE,,,,
,cmk5xl79j006qhpex71l8z8jg,Benjamin bbq - Q1 2026|Jan-2026-I,Iniciación,1/7/2026,,,user_38w3kMPJn8vNMvILexCx95wSjTP,1/7/2026,,,,user_38w3kMPJn8vNMvILexCx95wSjTP,FALSE,,,,
,cml8g8vc500qdnvhpha9xrnke,Big Bag|Jan-2026-I,Iniciación,1/23/2026,,,user_39B2dgxxU9FpCItuDzDvGc7OYQV,1/23/2026,,,,user_39B2dgxxU9FpCItuDzDvGc7OYQV,FALSE,,,,
,cml8g8vc500qdnvhpha9xrnke,Big Bag 1- 2026|Jan-2026-I,Iniciación,1/13/2026,,,user_38w3kMPJn8vNMvILexCx95wSjTP,1/13/2026,,,,user_38w3kMPJn8vNMvILexCx95wSjTP,FALSE,,,,
,cmk5zfbdx01m6hpilv2wgjxe6,Bioderma 2025|Jul-2025-I,Iniciación,7/23/2025,,,user_38w3kMPJn8vNMvILexCx95wSjTP,7/23/2025,,,,user_38w3kMPJn8vNMvILexCx95wSjTP,FALSE,,,,
,cml8gyog80019rbhp7m9wheer,Biolaser |Dec-2025-I,Iniciación,12/10/2025,,,user_38w3kMPJn8vNMvILexCx95wSjTP,12/10/2025,,,,user_38w3kMPJn8vNMvILexCx95wSjTP,FALSE,,,,
,cmk5zhznm02pehpil78dxm4ee,Black box gym Q1 2025|Feb-2025-I,Iniciación,2/24/2025,,,user_38w3kMPJn8vNMvILexCx95wSjTP,2/24/2025,,,,user_38w3kMPJn8vNMvILexCx95wSjTP,FALSE,,,,
,cml8gyoln001brbhpnloqckfm,Blue Hill Cabins - Q2 2025|Jun-2025-I,Iniciación,6/3/2025,,,user_38J3Yv989jVwEUtbVk9VWJUVSxs,6/3/2025,,,,user_38J3Yv989jVwEUtbVk9VWJUVSxs,FALSE,,,,
,cml8gyoo2001crbhpyyzks9uk,Blue moon 2025|Aug-2025-I,Iniciación,8/20/2025,,,user_39B2dgxxU9FpCItuDzDvGc7OYQV,8/20/2025,,,,user_39B2dgxxU9FpCItuDzDvGc7OYQV,FALSE,,,,
,cmk5zcxjs00myhpilcunvol0c,Boquete Tree trek - Q4 2025|Aug-2025-I,Iniciación,8/27/2025,,,user_38w3kMPJn8vNMvILexCx95wSjTP,8/27/2025,,,,user_38w3kMPJn8vNMvILexCx95wSjTP,FALSE,,,,
,cml8gyp83001irbhpjjp9f714,Brod Sanwiches - Q2 2025|Mar-2025-I,Reunión,3/21/2025,,,user_39B2dgxxU9FpCItuDzDvGc7OYQV,3/21/2025,,,,user_39B2dgxxU9FpCItuDzDvGc7OYQV,FALSE,,,,
,cml8g9g3800ydnvhpggiz3bi0,Bucaneros Q3 20255|Jul-2025-I,Reunión,7/15/2025,,,user_39B2dgxxU9FpCItuDzDvGc7OYQV,7/15/2025,,,,user_39B2dgxxU9FpCItuDzDvGc7OYQV,FALSE,,,,
,cml8gypfg001lrbhpfkqxckfr,Buco Pollo 2025|Jan-2025-I,Iniciación,1/29/2025,,,user_38J3Yv989jVwEUtbVk9VWJUVSxs,1/29/2025,,,,user_38J3Yv989jVwEUtbVk9VWJUVSxs,FALSE,,,,
,cmk5xllaw00cihpexlboto4zc,Buggy & Go - Q1 2026|Oct-2025-I,Iniciación,10/24/2025,,,user_38w3kMPJn8vNMvILexCx95wSjTP,10/24/2025,,,,user_38w3kMPJn8vNMvILexCx95wSjTP,FALSE,,,,
,cml8gypkk001nrbhpgtc84tnh,Bungalu Fishing Trip Q3 2025|Sep-2025-I,Reunión,9/16/2025,,,user_39B2dgxxU9FpCItuDzDvGc7OYQV,9/16/2025,,,,user_39B2dgxxU9FpCItuDzDvGc7OYQV,FALSE,,,,
,cmk5xllkk00cmhpexnjprwopn,Burger Post Office (BPO) - Q1 2026|Jan-2026-I,Iniciación,1/22/2026,,,user_38J3Yv989jVwEUtbVk9VWJUVSxs,1/22/2026,,,,user_38J3Yv989jVwEUtbVk9VWJUVSxs,FALSE,,,,
,cml8gypp7001prbhp5f42n9wm,Burger Shack 2025|Jun-2025-I,Iniciación,6/12/2025,,,user_39B2dgxxU9FpCItuDzDvGc7OYQV,6/12/2025,,,,user_39B2dgxxU9FpCItuDzDvGc7OYQV,FALSE,,,,
,cml8gzmp500awrbhpzx1ygamf,Burger Week 2025|Mar-2025-I,Iniciación,3/12/2025,,,user_38w3kMPJn8vNMvILexCx95wSjTP,3/12/2025,,,,user_38w3kMPJn8vNMvILexCx95wSjTP,FALSE,,,,
,cmk5xlb0z008ahpexnjmjay7b,ByShalom Studio - Q4 2025|Oct-2025-I,Iniciación,10/15/2025,,,user_38w3kMPJn8vNMvILexCx95wSjTP,10/15/2025,,,,user_38w3kMPJn8vNMvILexCx95wSjTP,FALSE,,,,
,cml8g9tun013knvhpn95a48tg,CaBaEspectaculos Internacional Q4 2025|Oct-2025-I,Reunión,10/22/2025,,,user_39B2dgxxU9FpCItuDzDvGc7OYQV,10/22/2025,,,,user_39B2dgxxU9FpCItuDzDvGc7OYQV,FALSE,,,,
,cmk5zgjze024ghpilso703dxx,Cabañas Casita La Ermita - Q2 2025|Jun-2025-I,Reunión,6/18/2025,,,user_38J3Yv989jVwEUtbVk9VWJUVSxs,6/18/2025,,,,user_38J3Yv989jVwEUtbVk9VWJUVSxs,FALSE,,,,
,cml8gyq46001trbhprqq41tqd,Cabañas Medieval HUT (Volcán) - Q2 2025|Mar-2025-I,Iniciación,3/20/2025,,,user_39B2dgxxU9FpCItuDzDvGc7OYQV,3/20/2025,,,,user_39B2dgxxU9FpCItuDzDvGc7OYQV,FALSE,,,,
,cml8g8ug700q0nvhpec43oamw,Cake Dog - Q2 2025|Feb-2025-I,Iniciación,2/4/2025,,,user_39B2dgxxU9FpCItuDzDvGc7OYQV,2/4/2025,,,,user_39B2dgxxU9FpCItuDzDvGc7OYQV,FALSE,,,,
,cml8ga45u017envhpw1rc1dom,Caliope 2025|Mar-2025-I,Iniciación,3/6/2025,,,user_39B2dgxxU9FpCItuDzDvGc7OYQV,3/6/2025,,,,user_39B2dgxxU9FpCItuDzDvGc7OYQV,FALSE,,,,
,cml8gyqen001xrbhp62ney0d0,Calle Dragones - Q4 2025|Dec-2025-I,Iniciación,12/15/2025,,,user_38w3kMPJn8vNMvILexCx95wSjTP,12/15/2025,,,,user_38w3kMPJn8vNMvILexCx95wSjTP,FALSE,,,,
,cml8gyqen001xrbhp62ney0d0,Calle Dragones Q3 2025|Jul-2025-I,Reunión,7/23/2025,,,user_39B2dgxxU9FpCItuDzDvGc7OYQV,7/23/2025,,,,user_39B2dgxxU9FpCItuDzDvGc7OYQV,FALSE,,,,
,cml8gyqh0001yrbhpxhq9t27a,Camping Resort Hotel Q3 2025|Jul-2025-I,Reunión,7/9/2025,,,user_38J3Yv989jVwEUtbVk9VWJUVSxs,7/9/2025,,,,user_38J3Yv989jVwEUtbVk9VWJUVSxs,FALSE,,,,
,cml8gyqjb001zrbhpc4x8fwro,Canal de Panamá - Alianza |Jan-2025-I,Iniciación,1/29/2025,,,user_38J3Yv989jVwEUtbVk9VWJUVSxs,1/29/2025,,,,user_38J3Yv989jVwEUtbVk9VWJUVSxs,FALSE,,,,
,cml8gzm8p00arrbhpj7u81cge,Canal Railway Company 2025|Feb-2025-I,Iniciación,2/4/2025,,,user_38w3kMPJn8vNMvILexCx95wSjTP,2/4/2025,,,,user_38w3kMPJn8vNMvILexCx95wSjTP,FALSE,,,,
,cmk5xl9f6007mhpexmhyaf0vh,Canisland |Apr-2025-I,Iniciación,4/22/2025,,,user_38w3kMPJn8vNMvILexCx95wSjTP,4/22/2025,,,,user_38w3kMPJn8vNMvILexCx95wSjTP,FALSE,,,,
,cmk5xksa4000khpexm0tl7si9,Casa Brava Resto-Bar |Jan-2025-I,Iniciación,1/7/2025,,,user_38w3kMPJn8vNMvILexCx95wSjTP,1/7/2025,,,,user_38w3kMPJn8vNMvILexCx95wSjTP,FALSE,,,,
,cml8gyqsq0023rbhpqe71wh5w,Casa Bruja |Dec-2025-I,Iniciación,12/5/2025,,,user_38J3Yv989jVwEUtbVk9VWJUVSxs,12/5/2025,,,,user_38J3Yv989jVwEUtbVk9VWJUVSxs,FALSE,,,,
,cmk5zfbis01m8hpilg1sxemrb,Casa Casco - Q1 2026|Jan-2026-I,Reunión,1/9/2026,,,user_38w3kMPJn8vNMvILexCx95wSjTP,1/9/2026,,,,user_38w3kMPJn8vNMvILexCx95wSjTP,FALSE,,,,
,cml8gyqxf0025rbhpa2q9j4wh,Casa Catedral Q2 2025|Mar-2025-I,Iniciación,3/27/2025,,,user_39B2dgxxU9FpCItuDzDvGc7OYQV,3/27/2025,,,,user_39B2dgxxU9FpCItuDzDvGc7OYQV,FALSE,,,,
,cml8gyr3a0027rbhpyck5k7u5,Casa Grimaldo Q1 2025|Feb-2025-I,Iniciación,2/11/2025,,,user_38J3Yv989jVwEUtbVk9VWJUVSxs,2/11/2025,,,,user_38J3Yv989jVwEUtbVk9VWJUVSxs,FALSE,,,,
,cmk5zhvvb02nuhpilyglzydhd,Casa Pulpo 2025|Jan-2025-I,Iniciación,1/23/2025,,,user_38J3Yv989jVwEUtbVk9VWJUVSxs,1/23/2025,,,,user_38J3Yv989jVwEUtbVk9VWJUVSxs,FALSE,,,,
,cml8gyrdd002arbhp6atgvbfk,Casa Raffaello|Jan-2025-I,Iniciación,1/16/2025,,,user_38w3kMPJn8vNMvILexCx95wSjTP,1/16/2025,,,,user_38w3kMPJn8vNMvILexCx95wSjTP,FALSE,,,,
,cml8g7xuz00fqnvhpkysvl6zt,Casco Bar 2025|Feb-2025-I,Iniciación,2/4/2025,,,user_38w3kMPJn8vNMvILexCx95wSjTP,2/4/2025,,,,user_38w3kMPJn8vNMvILexCx95wSjTP,FALSE,,,,
,cml8g7xuz00fqnvhpkysvl6zt,Casco Bar Hopping|Jan-2025-I,Iniciación,1/8/2025,,,user_38w3kMPJn8vNMvILexCx95wSjTP,1/8/2025,,,,user_38w3kMPJn8vNMvILexCx95wSjTP,FALSE,,,,
,cml8gyri7002crbhp2rwrwg3o,Casco View Life |Nov-2025-I,Iniciación,11/25/2025,,,user_38J3Yv989jVwEUtbVk9VWJUVSxs,11/25/2025,,,,user_38J3Yv989jVwEUtbVk9VWJUVSxs,FALSE,,,,
,cml8g8u4000pvnvhpvachkxbi,Castilla de Oro 2025|Apr-2025-I,Iniciación,4/4/2025,,,user_38w3kMPJn8vNMvILexCx95wSjTP,4/4/2025,,,,user_38w3kMPJn8vNMvILexCx95wSjTP,FALSE,,,,
,cml8g93sq00thnvhp1qdias1v,Cejas Perfectas Panamá - Q3 2025|Jul-2025-I,Iniciación,7/15/2025,,,user_38w3kMPJn8vNMvILexCx95wSjTP,7/15/2025,,,,user_38w3kMPJn8vNMvILexCx95wSjTP,FALSE,,,,
,cml8gyrp7002frbhpher4cduw,Celia's 2025|Jun-2025-I,Iniciación,6/6/2025,,,user_39B2dgxxU9FpCItuDzDvGc7OYQV,6/6/2025,,,,user_39B2dgxxU9FpCItuDzDvGc7OYQV,FALSE,,,,
,cml8gk5ro01otnvhp6sdy36al,Centro de Rejuvenecimiento Maite - Q1 2026|Jan-2026-I,Reunión,1/20/2026,,,user_38w3kMPJn8vNMvILexCx95wSjTP,1/20/2026,,,,user_38w3kMPJn8vNMvILexCx95wSjTP,FALSE,,,,
,cml8gysdj002nrbhp9a0cp1i5,CHEZ DIDI - Q4 2025|Nov-2025-I,Reunión,11/24/2025,,,user_39B2dgxxU9FpCItuDzDvGc7OYQV,11/24/2025,,,,user_39B2dgxxU9FpCItuDzDvGc7OYQV,FALSE,,,,
,cml8gzr7000c7rbhpodjhlxzg,Chiiro|Jan-2025-I,Iniciación,1/15/2025,,,user_39B2dgxxU9FpCItuDzDvGc7OYQV,1/15/2025,,,,user_39B2dgxxU9FpCItuDzDvGc7OYQV,FALSE,,,,
,cml8gyshm002orbhpns9m5i8a,Chillin Sport&Wings - Q4|Oct-2025-I,Iniciación,10/2/2025,,,user_38w3kMPJn8vNMvILexCx95wSjTP,10/2/2025,,,,user_38w3kMPJn8vNMvILexCx95wSjTP,FALSE,,,,
,cml8gysjz002prbhp22qik7mo,Chimney PTY - Q1 2026|Dec-2025-I,Iniciación,12/3/2025,,,user_39B2dgxxU9FpCItuDzDvGc7OYQV,12/3/2025,,,,user_39B2dgxxU9FpCItuDzDvGc7OYQV,FALSE,,,,
,cml8gysma002qrbhphltmczi2,Chocolatisimo |Dec-2025-I,Iniciación,12/17/2025,,,user_39B2dgxxU9FpCItuDzDvGc7OYQV,12/17/2025,,,,user_39B2dgxxU9FpCItuDzDvGc7OYQV,FALSE,,,,
,cml8gysqw002srbhpfy84uh87,Churreria Porfirio - Q3 2025|Sep-2025-I,Reunión,9/12/2025,,,user_38w3kMPJn8vNMvILexCx95wSjTP,9/12/2025,,,,user_38w3kMPJn8vNMvILexCx95wSjTP,FALSE,,,,
,cmk5zdsq300zqhpilkqniaeec,Ciao 2025|Oct-2025-I,Iniciación,10/14/2025,,,user_39B2dgxxU9FpCItuDzDvGc7OYQV,10/14/2025,,,,user_39B2dgxxU9FpCItuDzDvGc7OYQV,FALSE,,,,
,cml8gysvm002urbhpf842z9ix,Ciao Bella 2025|Feb-2025-I,Iniciación,2/3/2025,,,user_38w3kMPJn8vNMvILexCx95wSjTP,2/3/2025,,,,user_38w3kMPJn8vNMvILexCx95wSjTP,FALSE,,,,
,cml8gyt0f002wrbhpi8qmfdi0,Ciel y Miel |Dec-2025-I,Iniciación,12/3/2025,,,user_38w3kMPJn8vNMvILexCx95wSjTP,12/3/2025,,,,user_38w3kMPJn8vNMvILexCx95wSjTP,FALSE,,,,
,cmk5zi4ne02rehpilas9pqosl,Circus Market & Fest - 2026|Feb-2025-I,Iniciación,2/13/2025,,,user_38w3kMPJn8vNMvILexCx95wSjTP,2/13/2025,,,,user_38w3kMPJn8vNMvILexCx95wSjTP,FALSE,,,,
,cml8gytex0030rbhpwy6095fb,Clarins |Dec-2025-I,Iniciación,12/17/2025,,,user_39B2dgxxU9FpCItuDzDvGc7OYQV,12/17/2025,,,,user_39B2dgxxU9FpCItuDzDvGc7OYQV,FALSE,,,,
,cmk5zihqn02wshpileejgo1ei,Climb Parque de Cuerdas - Q1 2025|Dec-2025-I,Iniciación,12/11/2025,,,user_38w3kMPJn8vNMvILexCx95wSjTP,12/11/2025,,,,user_38w3kMPJn8vNMvILexCx95wSjTP,FALSE,,,,
,cmk5zirql030uhpilxwjlpae0,Clinic Salud |Feb-2025-I,Iniciación,2/20/2025,,,user_39B2dgxxU9FpCItuDzDvGc7OYQV,2/20/2025,,,,user_39B2dgxxU9FpCItuDzDvGc7OYQV,FALSE,,,,
,cml8gyufn0039rbhpcvy56y5l,Coco Bar Pty - Q1 2026|Feb-2026-I,Iniciación,2/2/2026,,,user_38w3kMPJn8vNMvILexCx95wSjTP,2/2/2026,,,,user_38w3kMPJn8vNMvILexCx95wSjTP,FALSE,,,,
,cmk5zio1k02zchpil65s7nonn,Commercial Intermediaries Corp |Dec-2025-I,Iniciación,12/4/2025,,,user_39B2dgxxU9FpCItuDzDvGc7OYQV,12/4/2025,,,,user_39B2dgxxU9FpCItuDzDvGc7OYQV,FALSE,,,,
,cml8gyun3003crbhp1efsptmw,Como en México - Q3 2025|Sep-2025-I,Iniciación,9/12/2025,,,user_38w3kMPJn8vNMvILexCx95wSjTP,9/12/2025,,,,user_38w3kMPJn8vNMvILexCx95wSjTP,FALSE,,,,
,cmk5zco2k00j2hpilsscy7yes,Constantino Urban Food - Q1 2026|Feb-2026-I,Iniciación,2/6/2026,,,user_39B2dgxxU9FpCItuDzDvGc7OYQV,2/6/2026,,,,user_39B2dgxxU9FpCItuDzDvGc7OYQV,FALSE,,,,
,cml8gyuui003frbhpwfouc3c6,Conway|Dec-2025-I,Iniciación,12/17/2025,,,user_39B2dgxxU9FpCItuDzDvGc7OYQV,12/17/2025,,,,user_39B2dgxxU9FpCItuDzDvGc7OYQV,FALSE,,,,
,cmk5zgs50027shpilivvr373d,cookie jaar |Oct-2025-I,Iniciación,10/22/2025,,,user_38w3kMPJn8vNMvILexCx95wSjTP,10/22/2025,,,,user_38w3kMPJn8vNMvILexCx95wSjTP,FALSE,,,,
,cml8gyux0003grbhpknq537wc,Copa - Alianza |Jan-2025-I,Iniciación,1/13/2025,,,user_38w3kMPJn8vNMvILexCx95wSjTP,1/13/2025,,,,user_38w3kMPJn8vNMvILexCx95wSjTP,FALSE,,,,
,cml8gyv21003irbhp4zxdazug,Crepes & Waffles 2025 |Feb-2025-I,Iniciación,2/12/2025,,,user_38w3kMPJn8vNMvILexCx95wSjTP,2/12/2025,,,,user_38w3kMPJn8vNMvILexCx95wSjTP,FALSE,,,,
,cml8g9k1p00ztnvhpszxmm2bt,Cycle House |Feb-2025-I,Iniciación,2/4/2025,,,user_38w3kMPJn8vNMvILexCx95wSjTP,2/4/2025,,,,user_38w3kMPJn8vNMvILexCx95wSjTP,FALSE,,,,
,cmk5xlim700behpexy3hw4pb6,De la Granja Steak House - Q4 2025|Dec-2025-I,Iniciación,12/15/2025,,,user_38w3kMPJn8vNMvILexCx95wSjTP,12/15/2025,,,,user_38w3kMPJn8vNMvILexCx95wSjTP,FALSE,,,,
,cml8gyvyq003nrbhpiszx1s0e,Delicias del Negro - Q3 2025|Aug-2025-I,Reunión,8/18/2025,,,user_39B2dgxxU9FpCItuDzDvGc7OYQV,8/18/2025,,,,user_39B2dgxxU9FpCItuDzDvGc7OYQV,FALSE,,,,
,cmk5ziqnz030ehpilu6gfdrj0,DentiPro 2025|Feb-2025-I,Iniciación,2/12/2025,,,user_39B2dgxxU9FpCItuDzDvGc7OYQV,2/12/2025,,,,user_39B2dgxxU9FpCItuDzDvGc7OYQV,FALSE,,,,
,cml8g8zzg00s3nvhp3r4yjyb4,Dentistas.com 1- 2025|Oct-2025-I,Iniciación,10/15/2025,,,user_39B2dgxxU9FpCItuDzDvGc7OYQV,10/15/2025,,,,user_39B2dgxxU9FpCItuDzDvGc7OYQV,FALSE,,,,
,cmk5xlduc009ghpexphk6hf4s,Depilarte Albrook Mall - Q3 2025|Aug-2025-I,Iniciación,8/8/2025,,,user_38w3kMPJn8vNMvILexCx95wSjTP,8/8/2025,,,,user_38w3kMPJn8vNMvILexCx95wSjTP,FALSE,,,,
,cml8gyw5u003qrbhpc1sj5cw7,Dermaclinica|Jun-2025-I,Iniciación,6/4/2025,,,user_38Uj1twycLFz2fclfdzW6SWOMQV,6/4/2025,,,,user_38Uj1twycLFz2fclfdzW6SWOMQV,FALSE,,,,
,cml8g75pa004unvhpshrddide,DERMOLIGHT|Jan-2025-I,Reunión,1/2/2025,,,user_39B2dgxxU9FpCItuDzDvGc7OYQV,1/2/2025,,,,user_39B2dgxxU9FpCItuDzDvGc7OYQV,FALSE,,,,
,cml8gz790006orbhppe09umnf,Descorchados|Dec-2025-I,Iniciación,12/30/2025,,,user_38w3kMPJn8vNMvILexCx95wSjTP,12/30/2025,,,,user_38w3kMPJn8vNMvILexCx95wSjTP,FALSE,,,,
,cmk5zi4x002rihpil3bb6ocrb,Diablo Sucio |Jul-2025-I,Iniciación,7/1/2025,,,user_38wAaycls2JvlpO8aN0PymrN8si,7/1/2025,,,,user_38wAaycls2JvlpO8aN0PymrN8si,FALSE,,,,
,cmk5xlo4400dohpexngq1oxqx,Divana Wellness Spa |Nov-2025-I,Iniciación,11/7/2025,,,user_38w3kMPJn8vNMvILexCx95wSjTP,11/7/2025,,,,user_38w3kMPJn8vNMvILexCx95wSjTP,FALSE,,,,
,cmk5xl8r1007chpexsywvk640,Divas Spa |Apr-2025-I,Iniciación,4/30/2025,,,user_38w3kMPJn8vNMvILexCx95wSjTP,4/30/2025,,,,user_38w3kMPJn8vNMvILexCx95wSjTP,FALSE,,,,
,cml8gywp6003srbhpf9ig3d2d,Do it center|Dec-2025-I,Iniciación,12/5/2025,,,user_38w3kMPJn8vNMvILexCx95wSjTP,12/5/2025,,,,user_38w3kMPJn8vNMvILexCx95wSjTP,FALSE,,,,
,cml8gyx69003urbhpfba6qkfi,Donde La Paisita - Q1 2026|Dec-2025-I,Reunión,12/11/2025,,,user_38w3kMPJn8vNMvILexCx95wSjTP,12/11/2025,,,,user_38w3kMPJn8vNMvILexCx95wSjTP,FALSE,,,,
,cmk5zejz501ayhpilbnwhrakh,Dos Cucharas - Q3 2025|Jul-2025-I,Iniciación,7/1/2025,,,user_38w3kMPJn8vNMvILexCx95wSjTP,7/1/2025,,,,user_38w3kMPJn8vNMvILexCx95wSjTP,FALSE,,,,
,cmk5zimrt02yuhpilaegnaip2,Downtown Amador Q1 2025|Jan-2025-I,Reunión,1/22/2025,,,user_39B2dgxxU9FpCItuDzDvGc7OYQV,1/22/2025,,,,user_39B2dgxxU9FpCItuDzDvGc7OYQV,FALSE,,,,
,cmk5zimrt02yuhpilaegnaip2,Downtown Week Q1 2025|Jan-2025-I,Reunión,1/15/2025,,,user_39B2dgxxU9FpCItuDzDvGc7OYQV,1/15/2025,,,,user_39B2dgxxU9FpCItuDzDvGc7OYQV,FALSE,,,,
,cml8gyv4i003jrbhpq10anlr9,DQ|Dec-2025-I,Iniciación,12/5/2025,,,user_38J3Yv989jVwEUtbVk9VWJUVSxs,12/5/2025,,,,user_38J3Yv989jVwEUtbVk9VWJUVSxs,FALSE,,,,
,cmk5zci6q00gohpiluwsyokc9,Dress Like Panama 2025|Feb-2025-I,Iniciación,2/12/2025,,,user_38J3Yv989jVwEUtbVk9VWJUVSxs,2/12/2025,,,,user_38J3Yv989jVwEUtbVk9VWJUVSxs,FALSE,,,,
,cml8garfq01eznvhpd5ealz7j,D-Uñas Sucursal Bella Vista) - Q2 2025|May-2025-I,Iniciación,5/30/2025,,,user_38w3kMPJn8vNMvILexCx95wSjTP,5/30/2025,,,,user_38w3kMPJn8vNMvILexCx95wSjTP,FALSE,,,,
,cmk5xlfsh00a8hpexdmr49ein,Easy Car Rental - Q4 2025|Sep-2025-I,Iniciación,9/3/2025,,,user_38w3kMPJn8vNMvILexCx95wSjTP,9/3/2025,,,,user_38w3kMPJn8vNMvILexCx95wSjTP,FALSE,,,,
,cmk5xlcrr0090hpextr2q65y4,Easy English Academy |Jul-2025-I,Iniciación,7/22/2025,,,user_39B2dgxxU9FpCItuDzDvGc7OYQV,7/22/2025,,,,user_39B2dgxxU9FpCItuDzDvGc7OYQV,FALSE,,,,
,cml8gyxl10040rbhpg4iit6ef,Eat the Street Panamá Q4 2025|Nov-2025-I,Iniciación,11/11/2025,,,user_39B2dgxxU9FpCItuDzDvGc7OYQV,11/11/2025,,,,user_39B2dgxxU9FpCItuDzDvGc7OYQV,FALSE,,,,
,cml8gyxnj0041rbhp18tmg0f9,Eclypse Mar de Aqua|Jan-2025-I,Iniciación,1/3/2025,,,user_38w3kMPJn8vNMvILexCx95wSjTP,1/3/2025,,,,user_38w3kMPJn8vNMvILexCx95wSjTP,FALSE,,,,
,cml8gyxsm0043rbhpuuszp4q6,edén ubedi 2025|Feb-2025-I,Iniciación,2/11/2025,,,user_38J3Yv989jVwEUtbVk9VWJUVSxs,2/11/2025,,,,user_38J3Yv989jVwEUtbVk9VWJUVSxs,FALSE,,,,
,cml8gyy3s0045rbhpk3gu88og,El Bongo Hotel Boutique - Q1 2026|Dec-2025-I,Iniciación,12/22/2025,,,user_38w3kMPJn8vNMvILexCx95wSjTP,12/22/2025,,,,user_38w3kMPJn8vNMvILexCx95wSjTP,FALSE,,,,
,cmk5zeu7001f4hpilw05nrknp,El Container Food - Q3 2025|Jun-2025-I,Iniciación,6/30/2025,,,user_38w3kMPJn8vNMvILexCx95wSjTP,6/30/2025,,,,user_38w3kMPJn8vNMvILexCx95wSjTP,FALSE,,,,
,cmk5zixdv0336hpil1g790ael,El Dojo de la Comedia - Q1 2025|Dec-2025-I,Reunión,12/30/2025,,,user_39B2dgxxU9FpCItuDzDvGc7OYQV,12/30/2025,,,,user_39B2dgxxU9FpCItuDzDvGc7OYQV,FALSE,,,,
,cmk5xl5dr005yhpexek24yt0o,El Dr de tus pies|May-2025-I,Iniciación,5/13/2025,,,user_39B2dgxxU9FpCItuDzDvGc7OYQV,5/13/2025,,,,user_39B2dgxxU9FpCItuDzDvGc7OYQV,FALSE,,,,
,cmk5zh08j02b4hpil4rfg3hhy,El Faro de Casco Antiguo - Q1 2026|Jan-2026-I,Iniciación,1/29/2026,,,user_39B2dgxxU9FpCItuDzDvGc7OYQV,1/29/2026,,,,user_39B2dgxxU9FpCItuDzDvGc7OYQV,FALSE,,,,
,cmk5ziplb02zyhpil77uy9dh2,El invernadero |Dec-2025-I,Iniciación,12/2/2025,,,user_38w3kMPJn8vNMvILexCx95wSjTP,12/2/2025,,,,user_38w3kMPJn8vNMvILexCx95wSjTP,FALSE,,,,
,cmk5ziplb02zyhpil77uy9dh2,El Invernadero Q4 2025|Nov-2025-I,Reunión,11/17/2025,,,user_39B2dgxxU9FpCItuDzDvGc7OYQV,11/17/2025,,,,user_39B2dgxxU9FpCItuDzDvGc7OYQV,FALSE,,,,
,cmk5zijw302xohpil620re5g1,El Lado Dulce 2025|Apr-2025-I,Iniciación,4/24/2025,,,user_38w3kMPJn8vNMvILexCx95wSjTP,4/24/2025,,,,user_38w3kMPJn8vNMvILexCx95wSjTP,FALSE,,,,
,cml8g7xdt00fjnvhpjvtyidxt,El Panamá 2025|Feb-2025-I,Iniciación,2/19/2025,,,user_38J3Yv989jVwEUtbVk9VWJUVSxs,2/19/2025,,,,user_38J3Yv989jVwEUtbVk9VWJUVSxs,FALSE,,,,
,cml8ga12q016dnvhptsz46nsz,El Santuario Ecolodge - Q1 2026|Jan-2026-I,Iniciación,1/16/2026,,,user_38w3kMPJn8vNMvILexCx95wSjTP,1/16/2026,,,,user_38w3kMPJn8vNMvILexCx95wSjTP,FALSE,,,,
,cmk5zfdo701n4hpil5kjyxifm,El trapiche 2025|Aug-2025-I,Iniciación,8/22/2025,,,user_38w3kMPJn8vNMvILexCx95wSjTP,8/22/2025,,,,user_38w3kMPJn8vNMvILexCx95wSjTP,FALSE,,,,
,cmk5z7m8e00ebhp0tdkwtexo8,Elegance Salon & Spa|Jan-2025-I,Iniciación,1/8/2025,,,user_39B2dgxxU9FpCItuDzDvGc7OYQV,1/8/2025,,,,user_39B2dgxxU9FpCItuDzDvGc7OYQV,FALSE,,,,
,cmk5z9c530141hp0t0b7df438,E-Motion zone  - Q4 2025|Nov-2025-I,Iniciación,11/24/2025,,,user_38w3kMPJn8vNMvILexCx95wSjTP,11/24/2025,,,,user_38w3kMPJn8vNMvILexCx95wSjTP,FALSE,,,,
,cmk5zfriz01sshpilw6ksqu6k,En la Fonda - Q4 2025|Oct-2025-I,Iniciación,10/16/2025,,,user_38w3kMPJn8vNMvILexCx95wSjTP,10/16/2025,,,,user_38w3kMPJn8vNMvILexCx95wSjTP,FALSE,,,,
,cml8gyz2q004grbhparocb3rv,En la Fondita de Golan - Q3 2025|Sep-2025-I,Iniciación,9/12/2025,,,user_39B2dgxxU9FpCItuDzDvGc7OYQV,9/12/2025,,,,user_39B2dgxxU9FpCItuDzDvGc7OYQV,FALSE,,,,
,cml8gyz57004hrbhptebgcon5,En la salsa Costa del Este - Q4 2025|Oct-2025-I,Iniciación,10/3/2025,,,user_39B2dgxxU9FpCItuDzDvGc7OYQV,10/3/2025,,,,user_39B2dgxxU9FpCItuDzDvGc7OYQV,FALSE,,,,
,cml8gyzm9004jrbhpqwla2gk7,Enterprise Car Rental Q2 2025|May-2025-I,Reunión,5/13/2025,,,user_39B2dgxxU9FpCItuDzDvGc7OYQV,5/13/2025,,,,user_39B2dgxxU9FpCItuDzDvGc7OYQV,FALSE,,,,
,cmk5xljab00bohpexjbaaadpg,Equilibrium Panama |Sep-2025-I,Iniciación,9/17/2025,,,user_39B2dgxxU9FpCItuDzDvGc7OYQV,9/17/2025,,,,user_39B2dgxxU9FpCItuDzDvGc7OYQV,FALSE,,,,
,cml8g8ox400o3nvhp7xjlnbj7,Escape Room - Q4 2025|Jul-2025-I,Iniciación,7/22/2025,,,user_38J3Yv989jVwEUtbVk9VWJUVSxs,7/22/2025,,,,user_38J3Yv989jVwEUtbVk9VWJUVSxs,FALSE,,,,
,cmk5zedm8018chpilaofes7a7,ESPACIO VERDE|Jan-2025-I,Reunión,1/2/2025,,,user_38w3kMPJn8vNMvILexCx95wSjTP,1/2/2025,,,,user_38w3kMPJn8vNMvILexCx95wSjTP,FALSE,,,,
,cml8gyztq004mrbhpckk0tcav,euforia panama |Oct-2025-I,Iniciación,10/22/2025,,,user_39B2dgxxU9FpCItuDzDvGc7OYQV,10/22/2025,,,,user_39B2dgxxU9FpCItuDzDvGc7OYQV,FALSE,,,,
,cml8gz01j004prbhp4dgrp0rn,Expressa Panamá -Q1 2026|Jan-2026-I,Iniciación,1/30/2026,,,user_38wAaycls2JvlpO8aN0PymrN8si,1/30/2026,,,,user_38wAaycls2JvlpO8aN0PymrN8si,FALSE,,,,
,cml8gz06m004rrbhp078qb2sf,FatLady - Q1 2026|Jan-2026-I,Iniciación,1/28/2026,,,user_38w3kMPJn8vNMvILexCx95wSjTP,1/28/2026,,,,user_38w3kMPJn8vNMvILexCx95wSjTP,FALSE,,,,
,cmk5xlnza00dmhpex0wcwjobv,Fernanda Estetica - Q2 2026|Feb-2026-I,Iniciación,2/10/2026,,,user_39B2dgxxU9FpCItuDzDvGc7OYQV,2/10/2026,,,,user_39B2dgxxU9FpCItuDzDvGc7OYQV,FALSE,,,,
,cml8gyrtv002hrbhpyykxt6ce,Feroz 2025|Aug-2025-I,Iniciación,8/20/2025,,,user_39B2dgxxU9FpCItuDzDvGc7OYQV,8/20/2025,,,,user_39B2dgxxU9FpCItuDzDvGc7OYQV,FALSE,,,,
,cmk5xl0he003yhpexxh4vlvf6,FIKA COFFEE & BRUNCH |Feb-2025-I,Iniciación,2/26/2025,,,user_39B2dgxxU9FpCItuDzDvGc7OYQV,2/26/2025,,,,user_39B2dgxxU9FpCItuDzDvGc7OYQV,FALSE,,,,
,cml8g7d1d007pnvhpgw3z9shn,Finca Lérida Chiriquí - Q2 2025|Mar-2025-I,Reunión,3/20/2025,,,user_38w3kMPJn8vNMvILexCx95wSjTP,3/20/2025,,,,user_38w3kMPJn8vNMvILexCx95wSjTP,FALSE,,,,
,cml8gzrbn00c9rbhp5rebpuqf,Fish Trap - Q4 2025|Oct-2025-I,Reunión,10/3/2025,,,user_38w3kMPJn8vNMvILexCx95wSjTP,10/3/2025,,,,user_38w3kMPJn8vNMvILexCx95wSjTP,FALSE,,,,
,cml8gz0ui004wrbhp6luy37nk,Fonda del Campo - Q4 2025|Dec-2025-I,Reunión,12/19/2025,,,user_39B2dgxxU9FpCItuDzDvGc7OYQV,12/19/2025,,,,user_39B2dgxxU9FpCItuDzDvGc7OYQV,FALSE,,,,
,cml8gz0wy004xrbhpqmxdfcwb,Foster - Q1 2026|Jan-2026-I,Iniciación,1/20/2026,,,user_39B2dgxxU9FpCItuDzDvGc7OYQV,1/20/2026,,,,user_39B2dgxxU9FpCItuDzDvGc7OYQV,FALSE,,,,
,cmk5zf7ro01kohpilz02g8mnm,Fragolati 2025|Feb-2025-I,Iniciación,2/3/2025,,,user_39B2dgxxU9FpCItuDzDvGc7OYQV,2/3/2025,,,,user_39B2dgxxU9FpCItuDzDvGc7OYQV,FALSE,,,,
,cmk5xlnb300dchpexw8xbqt4j,Francis Rasenna - Q1 2026|Nov-2025-I,Reunión,11/21/2025,,,user_39B2dgxxU9FpCItuDzDvGc7OYQV,11/21/2025,,,,user_39B2dgxxU9FpCItuDzDvGc7OYQV,FALSE,,,,
,cmk5zcf4c00fehpil1ff91vby,Frida 2025|Aug-2025-I,Iniciación,8/21/2025,,,user_38w3kMPJn8vNMvILexCx95wSjTP,8/21/2025,,,,user_38w3kMPJn8vNMvILexCx95wSjTP,FALSE,,,,
,cmk5xlkmq00c8hpexlo457kaf,frozgurt 2025|Jul-2025-I,Iniciación,7/31/2025,,,user_39B2dgxxU9FpCItuDzDvGc7OYQV,7/31/2025,,,,user_39B2dgxxU9FpCItuDzDvGc7OYQV,FALSE,,,,
,cml8gz11u004zrbhpmx21ds9p,Fumigadora Asper - Q2 2026|Feb-2026-I,Iniciación,2/20/2026,,,user_38w3kMPJn8vNMvILexCx95wSjTP,2/20/2026,,,,user_38w3kMPJn8vNMvILexCx95wSjTP,FALSE,,,,
,cml8g7p7300cbnvhpsz3l73qv,Fun Spot - Q2 2025|May-2025-I,Iniciación,5/7/2025,,,user_38w3kMPJn8vNMvILexCx95wSjTP,5/7/2025,,,,user_38w3kMPJn8vNMvILexCx95wSjTP,FALSE,,,,
,cmk5zcxjs00myhpilcunvol0c,Gamboa - Tree Trek|Jul-2025-I,Reunión,7/4/2025,,,user_39B2dgxxU9FpCItuDzDvGc7OYQV,7/4/2025,,,,user_39B2dgxxU9FpCItuDzDvGc7OYQV,FALSE,,,,
,cml8gz1q20053rbhp54ffr81a,Gaucho's|Oct-2025-I,Iniciación,10/17/2025,,,user_39B2dgxxU9FpCItuDzDvGc7OYQV,10/17/2025,,,,user_39B2dgxxU9FpCItuDzDvGc7OYQV,FALSE,,,,
,cmk5zfe2o01nahpil2ew2umta,Gelarti 2025|Feb-2025-I,Iniciación,2/14/2025,,,user_39B2dgxxU9FpCItuDzDvGc7OYQV,2/14/2025,,,,user_39B2dgxxU9FpCItuDzDvGc7OYQV,FALSE,,,,
,cml8gz1v30055rbhpvg7elhrd,Gelato & CO 2025|Mar-2025-I,Iniciación,3/20/2025,,,user_38w3kMPJn8vNMvILexCx95wSjTP,3/20/2025,,,,user_38w3kMPJn8vNMvILexCx95wSjTP,FALSE,,,,
,cml8gz2050057rbhpi5n805oe,Gemma 2025|May-2025-I,Iniciación,5/20/2025,,,user_38w3kMPJn8vNMvILexCx95wSjTP,5/20/2025,,,,user_38w3kMPJn8vNMvILexCx95wSjTP,FALSE,,,,
,cml8gaa8a018onvhpt51puw95,GenteFOLK |Jan-2025-I,Iniciación,1/27/2025,,,user_38w3kMPJn8vNMvILexCx95wSjTP,1/27/2025,,,,user_38w3kMPJn8vNMvILexCx95wSjTP,FALSE,,,,
,cml8gz2of005brbhpuv6quv9q,Go Panama App Q3 2025|Jul-2025-I,Propuesta Enviada,7/30/2025,,,user_38w3kMPJn8vNMvILexCx95wSjTP,7/30/2025,,,,user_38w3kMPJn8vNMvILexCx95wSjTP,FALSE,,,,
,cml8gz35c005crbhp42cmtm1x,Golden Frog Inn Q1 2025|Feb-2025-I,Iniciación,2/19/2025,,,user_38w3kMPJn8vNMvILexCx95wSjTP,2/19/2025,,,,user_38w3kMPJn8vNMvILexCx95wSjTP,FALSE,,,,
,cml8gz3cs005frbhp7lua7x9x,Goyurt - Q4 2025|Dec-2025-I,Reunión,12/10/2025,,,user_38J3Yv989jVwEUtbVk9VWJUVSxs,12/10/2025,,,,user_38J3Yv989jVwEUtbVk9VWJUVSxs,FALSE,,,,
,cmk5zgk98024khpil5wa31426,Granclement - Q1 2026|Jan-2026-I,Iniciación,1/20/2026,,,user_38J3Yv989jVwEUtbVk9VWJUVSxs,1/20/2026,,,,user_38J3Yv989jVwEUtbVk9VWJUVSxs,FALSE,,,,
,cmk5zeo1h01cmhpilaycx0lp1,Grand Deli Gourmet 2025|Feb-2025-I,Iniciación,2/5/2025,,,user_39B2dgxxU9FpCItuDzDvGc7OYQV,2/5/2025,,,,user_39B2dgxxU9FpCItuDzDvGc7OYQV,FALSE,,,,
,cml8g8q8h00omnvhp7ted5mkr,Green Bar 2025|Feb-2025-I,Iniciación,2/25/2025,,,user_39B2dgxxU9FpCItuDzDvGc7OYQV,2/25/2025,,,,user_39B2dgxxU9FpCItuDzDvGc7OYQV,FALSE,,,,
,cml8gz3zr005nrbhpz1u7oz22,Grupo Silaba Q4 2025|Oct-2025-I,Reunión,10/8/2025,,,user_38w3kMPJn8vNMvILexCx95wSjTP,10/8/2025,,,,user_38w3kMPJn8vNMvILexCx95wSjTP,FALSE,,,,
,cml8g8yw300rnnvhp85gcjokl,Guerrero Xian 2025 |Mar-2025-I,Iniciación,3/5/2025,,,user_38w3kMPJn8vNMvILexCx95wSjTP,3/5/2025,,,,user_38w3kMPJn8vNMvILexCx95wSjTP,FALSE,,,,
,cml8gz4a1005rrbhptbrm91zv,GUT|Oct-2025-I,Iniciación,10/16/2025,,,user_38J3Yv989jVwEUtbVk9VWJUVSxs,10/16/2025,,,,user_38J3Yv989jVwEUtbVk9VWJUVSxs,FALSE,,,,
,cml8gz4f5005trbhpva8vmrsq,Hacienda Colombiana - Q3 2025|Sep-2025-I,Iniciación,9/3/2025,,,user_38w3kMPJn8vNMvILexCx95wSjTP,9/3/2025,,,,user_38w3kMPJn8vNMvILexCx95wSjTP,FALSE,,,,
,cml8g86go00ignvhpdop8v2w5,Hacienda Los Molinos - Q4 2025|Oct-2025-I,Iniciación,10/30/2025,,,user_38w3kMPJn8vNMvILexCx95wSjTP,10/30/2025,,,,user_38w3kMPJn8vNMvILexCx95wSjTP,FALSE,,,,
,cml8g86go00ignvhpdop8v2w5,Hacienda Los Molinos Boutique Hotel |Jan-2025-I,Iniciación,1/24/2025,,,user_39B2dgxxU9FpCItuDzDvGc7OYQV,1/24/2025,,,,user_39B2dgxxU9FpCItuDzDvGc7OYQV,FALSE,,,,
,cml8g9wtx014rnvhpq5javc10,Hacienda Real - Q4 2025|Dec-2025-I,Reunión,12/15/2025,,,user_39B2dgxxU9FpCItuDzDvGc7OYQV,12/15/2025,,,,user_39B2dgxxU9FpCItuDzDvGc7OYQV,FALSE,,,,
,cml8g7xuz00fqnvhpkysvl6zt,Hafle 2025|Mar-2025-I,Iniciación,3/27/2025,,,user_38w3kMPJn8vNMvILexCx95wSjTP,3/27/2025,,,,user_38w3kMPJn8vNMvILexCx95wSjTP,FALSE,,,,
,cml8gz4hn005urbhpjh6d7ibn,Hairhunters Barbería & Spa - Q4 2025|Dec-2025-I,Reunión,12/4/2025,,,user_39B2dgxxU9FpCItuDzDvGc7OYQV,12/4/2025,,,,user_39B2dgxxU9FpCItuDzDvGc7OYQV,FALSE,,,,
,cmk5xl5s80064hpexprtgemxg,Healing Touch 2025|Apr-2025-I,Iniciación,4/24/2025,,,user_38w3kMPJn8vNMvILexCx95wSjTP,4/24/2025,,,,user_38w3kMPJn8vNMvILexCx95wSjTP,FALSE,,,,
,cmk5xkz0d003chpexsibb0yqs,Healthy Experience by Yrais Toro |Jan-2025-I,Iniciación,1/30/2025,,,user_39B2dgxxU9FpCItuDzDvGc7OYQV,1/30/2025,,,,user_39B2dgxxU9FpCItuDzDvGc7OYQV,FALSE,,,,
,cml8gz4se005xrbhpa0c0v98o,Heiwa Centro de Relajación |Sep-2025-I,Iniciación,9/26/2025,,,user_38w3kMPJn8vNMvILexCx95wSjTP,9/26/2025,,,,user_38w3kMPJn8vNMvILexCx95wSjTP,FALSE,,,,
,cml8gz4uy005yrbhpa2hb4xrj,Hello Store 2025|Apr-2025-I,Iniciación,4/24/2025,,,user_38w3kMPJn8vNMvILexCx95wSjTP,4/24/2025,,,,user_38w3kMPJn8vNMvILexCx95wSjTP,FALSE,,,,
,cmk5xljf400bqhpexy6m6fmjv,Hiddens - Q4 2025|Oct-2025-I,Reunión,10/2/2025,,,user_38w3kMPJn8vNMvILexCx95wSjTP,10/2/2025,,,,user_38w3kMPJn8vNMvILexCx95wSjTP,FALSE,,,,
,cml8gz4xf005zrbhpeutptvk6,Hikaru 2025|Mar-2025-I,Iniciación,3/21/2025,,,user_38w3kMPJn8vNMvILexCx95wSjTP,3/21/2025,,,,user_38w3kMPJn8vNMvILexCx95wSjTP,FALSE,,,,
,cmk5zd23700ouhpilnt1m3rce,Hilton | Hospedaje | 2025|Oct-2025-I,Iniciación,10/15/2025,,,user_39B2dgxxU9FpCItuDzDvGc7OYQV,10/15/2025,,,,user_39B2dgxxU9FpCItuDzDvGc7OYQV,FALSE,,,,
,cml8gz4zw0060rbhpyhvikt4u,Holistico Beauty |Jul-2025-I,Iniciación,7/29/2025,,,user_38w3kMPJn8vNMvILexCx95wSjTP,7/29/2025,,,,user_38w3kMPJn8vNMvILexCx95wSjTP,FALSE,,,,
,cml8gz3fa005grbhpsx1x2l7l,Hotel Azuero|Dec-2025-I,Iniciación,12/18/2025,,,user_38Uj1twycLFz2fclfdzW6SWOMQV,12/18/2025,,,,user_38Uj1twycLFz2fclfdzW6SWOMQV,FALSE,,,,
,cmk5z8ove00ubhp0t02l5yo0h,Hotel Campestre Q1 2025|Feb-2025-I,Reunión,2/19/2025,,,user_38w3kMPJn8vNMvILexCx95wSjTP,2/19/2025,,,,user_38w3kMPJn8vNMvILexCx95wSjTP,FALSE,,,,
,cml8gz5s5006arbhp409n0lo2,Hotel Casa Magnolia - Q2 2025|Jun-2025-I,Reunión,6/6/2025,,,user_38w3kMPJn8vNMvILexCx95wSjTP,6/6/2025,,,,user_38w3kMPJn8vNMvILexCx95wSjTP,FALSE,,,,
,cmk5z8gtv00r1hp0tybu4quan,Hotel Dos Ríos (Volcán) - Q2 2025|Mar-2025-I,Iniciación,3/20/2025,,,user_38J3Yv989jVwEUtbVk9VWJUVSxs,3/20/2025,,,,user_38J3Yv989jVwEUtbVk9VWJUVSxs,FALSE,,,,
,cml8gz59w0064rbhp324890om,Hotel Herrera|Dec-2025-I,Iniciación,12/3/2025,,,user_39B2dgxxU9FpCItuDzDvGc7OYQV,12/3/2025,,,,user_39B2dgxxU9FpCItuDzDvGc7OYQV,FALSE,,,,
,cml8gz5hf0067rbhpg4zystnv,Hotel La Palma Q3 2025|Aug-2025-I,Iniciación,8/29/2025,,,user_39B2dgxxU9FpCItuDzDvGc7OYQV,8/29/2025,,,,user_39B2dgxxU9FpCItuDzDvGc7OYQV,FALSE,,,,
,cmk5z9qrw01a5hp0tm4ke20fv,Hotel Los Guayacanes Q3 2025|Sep-2025-I,Iniciación,9/12/2025,,,user_38w3kMPJn8vNMvILexCx95wSjTP,9/12/2025,,,,user_38w3kMPJn8vNMvILexCx95wSjTP,FALSE,,,,
,cmk5ze8tf016chpilszl6vbk0,Hotel Panamonte - Q1 2025|Jan-2025-I,Iniciación,1/22/2025,,,user_38J3Yv989jVwEUtbVk9VWJUVSxs,1/22/2025,,,,user_38J3Yv989jVwEUtbVk9VWJUVSxs,FALSE,,,,
,cmk5zeaog0174hpilkakq9io4,Hotel Rebequet Q3 2025|Jul-2025-I,Reunión,7/15/2025,,,user_38J3Yv989jVwEUtbVk9VWJUVSxs,7/15/2025,,,,user_38J3Yv989jVwEUtbVk9VWJUVSxs,FALSE,,,,
,cmk5z7blc009vhp0tnuwjb2wr,Hotel Valle del Rio Q2 2025|Apr-2025-I,Reunión,4/7/2025,,,user_39B2dgxxU9FpCItuDzDvGc7OYQV,4/7/2025,,,,user_39B2dgxxU9FpCItuDzDvGc7OYQV,FALSE,,,,
,cmk5z8t5q00w3hp0tfzxy0jrr,Hotel Valle Escondido|Dec-2025-I,Iniciación,12/5/2025,,,user_38J3Yv989jVwEUtbVk9VWJUVSxs,12/5/2025,,,,user_38J3Yv989jVwEUtbVk9VWJUVSxs,FALSE,,,,
,cmk5xl38j0052hpexp26pkm82,Hyatt Regency 2025|Apr-2025-I,Iniciación,4/7/2025,,,user_38J3Yv989jVwEUtbVk9VWJUVSxs,4/7/2025,,,,user_38J3Yv989jVwEUtbVk9VWJUVSxs,FALSE,,,,
,cml8g9afp00w6nvhpbl3cfm0t,I love Panama Chocolate 2025|Feb-2025-I,Iniciación,2/18/2025,,,user_38w3kMPJn8vNMvILexCx95wSjTP,2/18/2025,,,,user_38w3kMPJn8vNMvILexCx95wSjTP,FALSE,,,,
,cmk5zd4m200pwhpil19v3sfx0,IHOP 2025|Feb-2025-I,Iniciación,2/18/2025,,,user_38w3kMPJn8vNMvILexCx95wSjTP,2/18/2025,,,,user_38w3kMPJn8vNMvILexCx95wSjTP,FALSE,,,,
,cml8gz6s6006jrbhpz38j4gha,Il Nonno 2025|Oct-2025-I,Iniciación,10/9/2025,,,user_38w3kMPJn8vNMvILexCx95wSjTP,10/9/2025,,,,user_38w3kMPJn8vNMvILexCx95wSjTP,FALSE,,,,
,cmk5zgx30029uhpilzcfr1i29,Isla Magica 2026 |Dec-2025-I,Iniciación,12/22/2025,,,user_38w3kMPJn8vNMvILexCx95wSjTP,12/22/2025,,,,user_38w3kMPJn8vNMvILexCx95wSjTP,FALSE,,,,
,cmk5z9ua401blhp0tw4a8cqml,Island Plantation |Jan-2025-I,Iniciación,1/3/2025,,,user_38w3kMPJn8vNMvILexCx95wSjTP,1/3/2025,,,,user_38w3kMPJn8vNMvILexCx95wSjTP,FALSE,,,,
,cml8gz7dr006qrbhpcds16nue,Jeffrey's Bakery|Dec-2025-I,Iniciación,12/11/2025,,,user_38w3kMPJn8vNMvILexCx95wSjTP,12/11/2025,,,,user_38w3kMPJn8vNMvILexCx95wSjTP,FALSE,,,,
,cmk5zhtbb02mshpilw66hobis,Joy Land 2025|Feb-2025-I,Iniciación,2/18/2025,,,user_38w3kMPJn8vNMvILexCx95wSjTP,2/18/2025,,,,user_38w3kMPJn8vNMvILexCx95wSjTP,FALSE,,,,
,cml8g8z1000rpnvhpley25vbj,Joyería Fedi |Dec-2025-I,Iniciación,12/17/2025,,,user_38w3kMPJn8vNMvILexCx95wSjTP,12/17/2025,,,,user_38w3kMPJn8vNMvILexCx95wSjTP,FALSE,,,,
,cml8gz7i9006rrbhp42fdy8sf,Julian RoofTop - Q3 2025|Sep-2025-I,Iniciación,9/12/2025,,,user_38w3kMPJn8vNMvILexCx95wSjTP,9/12/2025,,,,user_38w3kMPJn8vNMvILexCx95wSjTP,FALSE,,,,
,cmk5ziqxn030ihpilaz5pxl3t,Jungle 2025|Jul-2025-I,Iniciación,7/23/2025,,,user_38w3kMPJn8vNMvILexCx95wSjTP,7/23/2025,,,,user_38w3kMPJn8vNMvILexCx95wSjTP,FALSE,,,,
,cmk5xl9yb007uhpexljgdfent,Just Kids Panama|May-2025-I,Iniciación,5/29/2025,,,user_39B2dgxxU9FpCItuDzDvGc7OYQV,5/29/2025,,,,user_39B2dgxxU9FpCItuDzDvGc7OYQV,FALSE,,,,
,cmk5zdz2d012chpil314xq8kj,Kaifish 2025|Jan-2025-I,Iniciación,1/29/2025,,,user_38w3kMPJn8vNMvILexCx95wSjTP,1/29/2025,,,,user_38w3kMPJn8vNMvILexCx95wSjTP,FALSE,,,,
,cmk5xky2i002yhpexd5n0sfld,Kalabaza 2025|Feb-2025-I,Iniciación,2/11/2025,,,user_38w3kMPJn8vNMvILexCx95wSjTP,2/11/2025,,,,user_38w3kMPJn8vNMvILexCx95wSjTP,FALSE,,,,
,cml8gz7rw006vrbhp5qdf9dye,Kanibal Q1 2025|Jan-2025-I,Reunión,1/7/2025,,,user_38w3kMPJn8vNMvILexCx95wSjTP,1/7/2025,,,,user_38w3kMPJn8vNMvILexCx95wSjTP,FALSE,,,,
,cml8gz7u9006wrbhppz7mqf71,Kappers 2025|Apr-2025-I,Iniciación,4/23/2025,,,user_38w3kMPJn8vNMvILexCx95wSjTP,4/23/2025,,,,user_38w3kMPJn8vNMvILexCx95wSjTP,FALSE,,,,
,cml8gz7wm006xrbhpddphaufi,Karimar Veracruz Q1 2025|Jan-2025-I,Reunión,1/23/2025,,,user_38J3Yv989jVwEUtbVk9VWJUVSxs,1/23/2025,,,,user_38J3Yv989jVwEUtbVk9VWJUVSxs,FALSE,,,,
,cmk5zdda100tghpilj5j6vyb2,Kart Center - Q4 2025|Sep-2025-I,Reunión,9/9/2025,,,user_38w3kMPJn8vNMvILexCx95wSjTP,9/9/2025,,,,user_38w3kMPJn8vNMvILexCx95wSjTP,FALSE,,,,
,cml8g9h9000ysnvhpxujo0vv5,Keene's 2025|Feb-2025-I,Iniciación,2/18/2025,,,user_38J3Yv989jVwEUtbVk9VWJUVSxs,2/18/2025,,,,user_38J3Yv989jVwEUtbVk9VWJUVSxs,FALSE,,,,
,cml8g8s2i00p7nvhp9glu4zgi,key doh|Oct-2025-I,Iniciación,10/16/2025,,,user_39B2dgxxU9FpCItuDzDvGc7OYQV,10/16/2025,,,,user_39B2dgxxU9FpCItuDzDvGc7OYQV,FALSE,,,,
,cmk5zeaey0170hpil21fpt7fm,KFC|Dec-2025-I,Iniciación,12/5/2025,,,user_38w3kMPJn8vNMvILexCx95wSjTP,12/5/2025,,,,user_38w3kMPJn8vNMvILexCx95wSjTP,FALSE,,,,
,cml8gk63v01ownvhp1od81b9e,Kids Club |Jan-2026-I,Iniciación,1/13/2026,,,user_38w3kMPJn8vNMvILexCx95wSjTP,1/13/2026,,,,user_38w3kMPJn8vNMvILexCx95wSjTP,FALSE,,,,
,cmk5xlodt00dshpexo7alkh46,kids that rip|Nov-2025-I,Iniciación,11/25/2025,,,user_38w3kMPJn8vNMvILexCx95wSjTP,11/25/2025,,,,user_38w3kMPJn8vNMvILexCx95wSjTP,FALSE,,,,
,cml8gz7z8006yrbhpb4qusarz,Kotowa 2025|Jun-2025-I,Iniciación,6/3/2025,,,user_38w3kMPJn8vNMvILexCx95wSjTP,6/3/2025,,,,user_38w3kMPJn8vNMvILexCx95wSjTP,FALSE,,,,
,cml8gz843006zrbhp71rzc41y,Krafty Kids Panama |Apr-2025-I,Iniciación,4/15/2025,,,user_38w3kMPJn8vNMvILexCx95wSjTP,4/15/2025,,,,user_38w3kMPJn8vNMvILexCx95wSjTP,FALSE,,,,
,cmk5zihlt02wqhpilg2qrvmgx,Krispy Kreme 2025|Jan-2025-I,Iniciación,1/8/2025,,,user_38w3kMPJn8vNMvILexCx95wSjTP,1/8/2025,,,,user_38w3kMPJn8vNMvILexCx95wSjTP,FALSE,,,,
,cml8h4dt8000843hp8k9cupft,La Amour |Jun-2025-I,Iniciación,6/24/2025,,,user_38w3kMPJn8vNMvILexCx95wSjTP,6/24/2025,,,,user_38w3kMPJn8vNMvILexCx95wSjTP,FALSE,,,,
,cml8gz92e0075rbhpk87miy9u,La casa de AnaLu Q1 2025|Feb-2025-I,Iniciación,2/12/2025,,,user_38w3kMPJn8vNMvILexCx95wSjTP,2/12/2025,,,,user_38w3kMPJn8vNMvILexCx95wSjTP,FALSE,,,,
,cml8gz9ce0079rbhpaxq148jf,La Dolceria 2025|Jan-2025-I,Iniciación,1/15/2025,,,user_38w3kMPJn8vNMvILexCx95wSjTP,1/15/2025,,,,user_38w3kMPJn8vNMvILexCx95wSjTP,FALSE,,,,
,cmk5zd1oq00oohpil27dw4os4,La Esmalteria - Q3 2025|Jul-2025-I,Reunión,7/31/2025,,,user_38J3Yv989jVwEUtbVk9VWJUVSxs,7/31/2025,,,,user_38J3Yv989jVwEUtbVk9VWJUVSxs,FALSE,,,,
,cmk5xl4pm005ohpexutqd30e2,La Heladería|Apr-2025-I,Iniciación,4/22/2025,,,user_38w3kMPJn8vNMvILexCx95wSjTP,4/22/2025,,,,user_38w3kMPJn8vNMvILexCx95wSjTP,FALSE,,,,
,cmk5zedvv018ghpil6907s2bk,La Iguana Eco Resort Q3 2025|Jul-2025-I,Reunión,7/15/2025,,,user_39B2dgxxU9FpCItuDzDvGc7OYQV,7/15/2025,,,,user_39B2dgxxU9FpCItuDzDvGc7OYQV,FALSE,,,,
,cml8gz9jq007crbhpvnpvaecp,La Lupe Birrieria - Q3 2025|Jun-2025-I,Iniciación,6/25/2025,,,user_38w3kMPJn8vNMvILexCx95wSjTP,6/25/2025,,,,user_38w3kMPJn8vNMvILexCx95wSjTP,FALSE,,,,
,cmk5xkvne001yhpexg0e6fmsg,La Malagueña |Jan-2025-I,Iniciación,1/22/2025,,,user_38J3Yv989jVwEUtbVk9VWJUVSxs,1/22/2025,,,,user_38J3Yv989jVwEUtbVk9VWJUVSxs,FALSE,,,,
,cmk5zgr78027ehpilpa3dc9u6,La Papa 2025|Aug-2025-I,Iniciación,8/21/2025,,,user_39B2dgxxU9FpCItuDzDvGc7OYQV,8/21/2025,,,,user_39B2dgxxU9FpCItuDzDvGc7OYQV,FALSE,,,,
,cml8gza6w007krbhpmbrdfwqz,La Pinche Cantina Q4 2025|Oct-2025-I,Reunión,10/1/2025,,,user_39B2dgxxU9FpCItuDzDvGc7OYQV,10/1/2025,,,,user_39B2dgxxU9FpCItuDzDvGc7OYQV,FALSE,,,,
,cmk5zfy7p01vkhpiljiggku2e,La Playita Kids Q3 2025|Sep-2025-I,Iniciación,9/12/2025,,,user_38w3kMPJn8vNMvILexCx95wSjTP,9/12/2025,,,,user_38w3kMPJn8vNMvILexCx95wSjTP,FALSE,,,,
,cml8gzapb007mrbhp1xwk5ymu,La Pulpería 2025|Jan-2025-I,Iniciación,1/27/2025,,,user_38w3kMPJn8vNMvILexCx95wSjTP,1/27/2025,,,,user_38w3kMPJn8vNMvILexCx95wSjTP,FALSE,,,,
,cml8gzbht007yrbhpb4j30kju,La Terrasse - Q3 2025|Jul-2025-I,Reunión,7/14/2025,,,user_38J3Yv989jVwEUtbVk9VWJUVSxs,7/14/2025,,,,user_38J3Yv989jVwEUtbVk9VWJUVSxs,FALSE,,,,
,cml8gzayu007qrbhpvdx8oo2w,La Trinchera del West - Q2 2025|Jun-2025-I,Iniciación,6/5/2025,,,user_38J3Yv989jVwEUtbVk9VWJUVSxs,6/5/2025,,,,user_38J3Yv989jVwEUtbVk9VWJUVSxs,FALSE,,,,
,cml8gzb18007rrbhp7xhxuuh4,La Vaquita Panama - Q1 2026|Feb-2026-I,Iniciación,2/4/2026,,,user_38w3kMPJn8vNMvILexCx95wSjTP,2/4/2026,,,,user_38w3kMPJn8vNMvILexCx95wSjTP,FALSE,,,,
,cmk5zhswp02mmhpil3ffqcirz,Laboratorio Clinico InmunoPro|Feb-2025-I,Iniciación,2/5/2025,,,user_39B2dgxxU9FpCItuDzDvGc7OYQV,2/5/2025,,,,user_39B2dgxxU9FpCItuDzDvGc7OYQV,FALSE,,,,
,cmk5zg0cp01wghpilji8dvq6t,Laser Lab 2025|Aug-2025-I,Iniciación,8/21/2025,,,user_39B2dgxxU9FpCItuDzDvGc7OYQV,8/21/2025,,,,user_39B2dgxxU9FpCItuDzDvGc7OYQV,FALSE,,,,
,cmk5zfxsx01vehpil3f4u7133,Leto 2025|Feb-2025-I,Iniciación,2/12/2025,,,user_39B2dgxxU9FpCItuDzDvGc7OYQV,2/12/2025,,,,user_39B2dgxxU9FpCItuDzDvGc7OYQV,FALSE,,,,
,cml8gzcak0083rbhpj7kzrpgt,LG 2025|Sep-2025-I,Iniciación,9/19/2025,,,user_38w3kMPJn8vNMvILexCx95wSjTP,9/19/2025,,,,user_38w3kMPJn8vNMvILexCx95wSjTP,FALSE,,,,
,cml8gzdd2008crbhpyc50af7f,Lumilu|Dec-2025-I,Iniciación,12/10/2025,,,user_39B00JXSlh3GYiArUbqc8X9M0S8,12/10/2025,,,,user_39B00JXSlh3GYiArUbqc8X9M0S8,FALSE,,,,
,cml8gzdfj008drbhpiqs2s34i,Luna RoofTop - Q3 2025|Sep-2025-I,Iniciación,9/12/2025,,,user_38w3kMPJn8vNMvILexCx95wSjTP,9/12/2025,,,,user_38w3kMPJn8vNMvILexCx95wSjTP,FALSE,,,,
,cml8gze6i008irbhpxpk79m44,"Madrid, vinos y quesos - Q3 2025|Jun-2025-I",Reunión,6/27/2025,,,user_38w3kMPJn8vNMvILexCx95wSjTP,6/27/2025,,,,user_38w3kMPJn8vNMvILexCx95wSjTP,FALSE,,,,
,cml8gzeg8008lrbhpwzf7ksh7,Mahogany Suites |Jun-2025-I,Iniciación,6/24/2025,,,user_38w3kMPJn8vNMvILexCx95wSjTP,6/24/2025,,,,user_38w3kMPJn8vNMvILexCx95wSjTP,FALSE,,,,
,cmk5z8yp200yfhp0tvcmuv7q3,Mar de Grau - Q3 2025|Jul-2025-I,Iniciación,7/1/2025,,,user_38w3kMPJn8vNMvILexCx95wSjTP,7/1/2025,,,,user_38w3kMPJn8vNMvILexCx95wSjTP,FALSE,,,,
,cml8gzf7x008vrbhpx135rk3t,Maral Rooftop - Q1 2025|Jan-2025-I,Iniciación,1/15/2025,,,user_39B2dgxxU9FpCItuDzDvGc7OYQV,1/15/2025,,,,user_39B2dgxxU9FpCItuDzDvGc7OYQV,FALSE,,,,
,cml8gk5wm01ovnvhpqjcmtebu,Market By Mercaito - Q1 2026|Jan-2026-I,Iniciación,1/22/2026,,,user_38w3kMPJn8vNMvILexCx95wSjTP,1/22/2026,,,,user_38w3kMPJn8vNMvILexCx95wSjTP,FALSE,,,,
,cmk5zc51j00bahpil4khovtcw,Market House|Dec-2025-I,Iniciación,12/15/2025,,,user_39B2dgxxU9FpCItuDzDvGc7OYQV,12/15/2025,,,,user_39B2dgxxU9FpCItuDzDvGc7OYQV,FALSE,,,,
,cmk5zc51j00bahpil4khovtcw,Market House Q4 2025|Nov-2025-I,Iniciación,11/20/2025,,,user_38w3kMPJn8vNMvILexCx95wSjTP,11/20/2025,,,,user_38w3kMPJn8vNMvILexCx95wSjTP,FALSE,,,,
,cml8gzfab008wrbhpklrtcpe7,Maru Korean Dessert Cafe - Q4 2025|Sep-2025-I,Iniciación,9/26/2025,,,user_39B2dgxxU9FpCItuDzDvGc7OYQV,9/26/2025,,,,user_39B2dgxxU9FpCItuDzDvGc7OYQV,FALSE,,,,
,cml8gzfsp0091rbhphbae92ue,Max Arepas - Q3 2025|Aug-2025-I,Iniciación,8/1/2025,,,user_39B2dgxxU9FpCItuDzDvGc7OYQV,8/1/2025,,,,user_39B2dgxxU9FpCItuDzDvGc7OYQV,FALSE,,,,
,cml8gk5wm01ovnvhpqjcmtebu,Mercaito - Q1 2026|Jan-2026-I,Reunión,1/7/2026,,,user_39B2dgxxU9FpCItuDzDvGc7OYQV,1/7/2026,,,,user_39B2dgxxU9FpCItuDzDvGc7OYQV,FALSE,,,,
,cml8gk5wm01ovnvhpqjcmtebu,Mercaito Q4 2025|Oct-2025-I,Iniciación,10/14/2025,,,user_38w3kMPJn8vNMvILexCx95wSjTP,10/14/2025,,,,user_38w3kMPJn8vNMvILexCx95wSjTP,FALSE,,,,
,cmk5xkv8q001shpex0ngzni4n,Merkapp - Alianza |Jan-2025-I,Iniciación,1/13/2025,,,user_38J3Yv989jVwEUtbVk9VWJUVSxs,1/13/2025,,,,user_38J3Yv989jVwEUtbVk9VWJUVSxs,FALSE,,,,
,cml8gzh240099rbhp42aj5zha,Mi Viaje a Panamá Q2 2025|Jun-2025-I,Reunión,6/6/2025,,,user_39B2dgxxU9FpCItuDzDvGc7OYQV,6/6/2025,,,,user_39B2dgxxU9FpCItuDzDvGc7OYQV,FALSE,,,,
,cml8gyuao0037rbhpcndw9b3e,Minimed Q1 2026|Oct-2025-I,Reunión,10/28/2025,,,user_39B2dgxxU9FpCItuDzDvGc7OYQV,10/28/2025,,,,user_39B2dgxxU9FpCItuDzDvGc7OYQV,FALSE,,,,
,cmk5zeznu01hehpillsog9w1l,Misawa Bakery - Q3 2025|Aug-2025-I,Reunión,8/1/2025,,,user_38w3kMPJn8vNMvILexCx95wSjTP,8/1/2025,,,,user_38w3kMPJn8vNMvILexCx95wSjTP,FALSE,,,,
,cml8gzhq3009drbhpg9bnld9j,Miss Cho 2025|Feb-2025-I,Iniciación,2/7/2025,,,user_39B2dgxxU9FpCItuDzDvGc7OYQV,2/7/2025,,,,user_39B2dgxxU9FpCItuDzDvGc7OYQV,FALSE,,,,
,cmk5xlm8t00cwhpexd2z2yg9b,Mochikas Peruvian Fusion - Q1 2026|Nov-2025-I,Iniciación,11/7/2025,,,user_38J3Yv989jVwEUtbVk9VWJUVSxs,11/7/2025,,,,user_38J3Yv989jVwEUtbVk9VWJUVSxs,FALSE,,,,
,cml8gzhzx009hrbhp82qhyyft,Momi |Oct-2025-I,Iniciación,10/16/2025,,,user_38w3kMPJn8vNMvILexCx95wSjTP,10/16/2025,,,,user_38w3kMPJn8vNMvILexCx95wSjTP,FALSE,,,,
,cml8gzrgf00cbrbhp9yk43c8b,Mr Chen|Mar-2025-I,Iniciación,3/20/2025,,,user_38J3Yv989jVwEUtbVk9VWJUVSxs,3/20/2025,,,,user_38J3Yv989jVwEUtbVk9VWJUVSxs,FALSE,,,,
,cmk5xkxea002ohpexwk7k5541,Mvp Sport City |Jan-2025-I,Iniciación,1/28/2025,,,user_38J3Yv989jVwEUtbVk9VWJUVSxs,1/28/2025,,,,user_38J3Yv989jVwEUtbVk9VWJUVSxs,FALSE,,,,
,cml8gziyc009vrbhp6bhxkcbr,Naked Lukas|Dec-2025-I,Iniciación,12/3/2025,,,user_39B2dgxxU9FpCItuDzDvGc7OYQV,12/3/2025,,,,user_39B2dgxxU9FpCItuDzDvGc7OYQV,FALSE,,,,
,cml8gzjg7009wrbhphkeeapbu,Nance BBQ - Q2 2025|Mar-2025-I,Propuesta Enviada,3/13/2025,,,user_38w3kMPJn8vNMvILexCx95wSjTP,3/13/2025,,,,user_38w3kMPJn8vNMvILexCx95wSjTP,FALSE,,,,
,cmk5xl541005uhpexhje0xbbv,Niko's 2025|Apr-2025-I,Iniciación,4/22/2025,,,user_39B2dgxxU9FpCItuDzDvGc7OYQV,4/22/2025,,,,user_39B2dgxxU9FpCItuDzDvGc7OYQV,FALSE,,,,
,cml8gzkhb00a3rbhpszcnj1ud,NMC Q2 2025|May-2025-I,Reunión,5/21/2025,,,user_38w3kMPJn8vNMvILexCx95wSjTP,5/21/2025,,,,user_38w3kMPJn8vNMvILexCx95wSjTP,FALSE,,,,
,cml8gzjsn00a1rbhpsxvox492,Nomada Republic Valle Q1 2025|Feb-2025-I,Iniciación,2/19/2025,,,user_38w3kMPJn8vNMvILexCx95wSjTP,2/19/2025,,,,user_38w3kMPJn8vNMvILexCx95wSjTP,FALSE,,,,
,cml8gzkb900a2rbhpbedc0zda,Nomada tours  Q4 2025|Oct-2025-I,Reunión,10/21/2025,,,user_38w3kMPJn8vNMvILexCx95wSjTP,10/21/2025,,,,user_38w3kMPJn8vNMvILexCx95wSjTP,FALSE,,,,
,cmk5xlfnl00a6hpexgnzo6jhg,Nordik 2025|Aug-2025-I,Iniciación,8/22/2025,,,user_38w3kMPJn8vNMvILexCx95wSjTP,8/22/2025,,,,user_38w3kMPJn8vNMvILexCx95wSjTP,FALSE,,,,
,cml8gk5hv01opnvhpp0odfc19,Nouva |Dec-2025-I,Iniciación,12/2/2025,,,user_38w3kMPJn8vNMvILexCx95wSjTP,12/2/2025,,,,user_38w3kMPJn8vNMvILexCx95wSjTP,FALSE,,,,
,cmk5z8brt00oxhp0tt71ywc2k,Novey 1- 2026|Jan-2026-I,Iniciación,1/13/2026,,,user_39B2dgxxU9FpCItuDzDvGc7OYQV,1/13/2026,,,,user_39B2dgxxU9FpCItuDzDvGc7OYQV,FALSE,,,,
,cml8gzkk000a4rbhpikuloj5y,NOVOTEL |Feb-2025-I,Iniciación,2/18/2025,,,user_38J3Yv989jVwEUtbVk9VWJUVSxs,2/18/2025,,,,user_38J3Yv989jVwEUtbVk9VWJUVSxs,FALSE,,,,
,cmk5zg4qi01y8hpil864un7kx,Odonto 2025|Jun-2025-I,Iniciación,6/26/2025,,,user_38w3kMPJn8vNMvILexCx95wSjTP,6/26/2025,,,,user_38w3kMPJn8vNMvILexCx95wSjTP,FALSE,,,,
,cml8gzku200a8rbhpyqyh4il8,Oh Toro Ramen -Q2 2025|Apr-2025-I,Reunión,4/10/2025,,,user_38J3Yv989jVwEUtbVk9VWJUVSxs,4/10/2025,,,,user_38J3Yv989jVwEUtbVk9VWJUVSxs,FALSE,,,,
,cml8gzl1k00abrbhp189e4egn,Old Wes Ranch|Jan-2025-I,Iniciación,1/10/2025,,,user_38J3Yv989jVwEUtbVk9VWJUVSxs,1/10/2025,,,,user_38J3Yv989jVwEUtbVk9VWJUVSxs,FALSE,,,,
,cml8gzl4100acrbhpcq3ftnaa,Olivares Sea Food Q4 2025|Oct-2025-I,Reunión,10/2/2025,,,user_38J3Yv989jVwEUtbVk9VWJUVSxs,10/2/2025,,,,user_38J3Yv989jVwEUtbVk9VWJUVSxs,FALSE,,,,
,cmk5zcsl300kyhpil1tf6u0od,OptiSalud - Q1 2026|Dec-2025-I,Iniciación,12/4/2025,,,user_38w3kMPJn8vNMvILexCx95wSjTP,12/4/2025,,,,user_38w3kMPJn8vNMvILexCx95wSjTP,FALSE,,,,
,cml8gzl9300aerbhpcjllu4l4,Ordovician 2025|Feb-2025-I,Iniciación,2/12/2025,,,user_38w3kMPJn8vNMvILexCx95wSjTP,2/12/2025,,,,user_38w3kMPJn8vNMvILexCx95wSjTP,FALSE,,,,
,cml8gzle700agrbhptl3le6ce,Oro Moreno 2025|Sep-2025-I,Iniciación,9/17/2025,,,user_38w3kMPJn8vNMvILexCx95wSjTP,9/17/2025,,,,user_38w3kMPJn8vNMvILexCx95wSjTP,FALSE,,,,
,cml8gzlm300airbhpxw6jxpc4,Orto Sonrisas - Q1 2026|Jan-2026-I,Iniciación,1/28/2026,,,user_38w3kMPJn8vNMvILexCx95wSjTP,1/28/2026,,,,user_38w3kMPJn8vNMvILexCx95wSjTP,FALSE,,,,
,cml8gzlok00ajrbhpbgw7t8v0,Osaka&Toscana - Q2 2025|May-2025-I,Reunión,5/15/2025,,,user_38w3kMPJn8vNMvILexCx95wSjTP,5/15/2025,,,,user_38w3kMPJn8vNMvILexCx95wSjTP,FALSE,,,,
,cmk5ziuam031whpilvpmiaz5b,Ossa restaurante - Q1 2026|Feb-2026-I,Iniciación,2/2/2026,,,user_39B2dgxxU9FpCItuDzDvGc7OYQV,2/2/2026,,,,user_39B2dgxxU9FpCItuDzDvGc7OYQV,FALSE,,,,
,cml8gzm3o00aprbhp5bccrgg8,Paints & Drinks |Nov-2025-I,Iniciación,11/25/2025,,,user_38w3kMPJn8vNMvILexCx95wSjTP,11/25/2025,,,,user_38w3kMPJn8vNMvILexCx95wSjTP,FALSE,,,,
,cml8g7u6n00e8nvhpwrwy41yh,Palettamerica - Q3 2025|Jul-2025-I,Reunión,7/21/2025,,,user_38J3Yv989jVwEUtbVk9VWJUVSxs,7/21/2025,,,,user_38J3Yv989jVwEUtbVk9VWJUVSxs,FALSE,,,,
,cml8gzmdo00atrbhpq6qgkhzp,Panama Experience Tours|Jan-2026-I,Iniciación,1/2/2026,,,user_39B2dgxxU9FpCItuDzDvGc7OYQV,1/2/2026,,,,user_39B2dgxxU9FpCItuDzDvGc7OYQV,FALSE,,,,
,cml8gzmk300aurbhpzze5rcdd,Panama Jazz Festival |Oct-2025-I,Reunión,10/16/2025,,,user_38w3kMPJn8vNMvILexCx95wSjTP,10/16/2025,,,,user_38w3kMPJn8vNMvILexCx95wSjTP,FALSE,,,,
,cmk5xle41009khpexyne00b0z,Panama Nature Center - gina gonzalez|Jan-2025-I,Iniciación,1/15/2025,,,user_38w3kMPJn8vNMvILexCx95wSjTP,1/15/2025,,,,user_38w3kMPJn8vNMvILexCx95wSjTP,FALSE,,,,
,cmk5zi4hy02rchpild0qrp1ry,Panamá spa|Jan-2026-I,Iniciación,1/21/2026,,,user_39B2dgxxU9FpCItuDzDvGc7OYQV,1/21/2026,,,,user_39B2dgxxU9FpCItuDzDvGc7OYQV,FALSE,,,,
,cml8gzmu600ayrbhp9c3hva8e,Panda House 1- 2026 |Dec-2025-I,Iniciación,12/3/2025,,,user_39B2dgxxU9FpCItuDzDvGc7OYQV,12/3/2025,,,,user_39B2dgxxU9FpCItuDzDvGc7OYQV,FALSE,,,,
,cmk5zegw2019ohpil172rqp0f,Papa John's Q3 2025|Jan-2025-I,Reunión,1/20/2025,,,user_39B2dgxxU9FpCItuDzDvGc7OYQV,1/20/2025,,,,user_39B2dgxxU9FpCItuDzDvGc7OYQV,FALSE,,,,
,cmk5xlcmx008yhpexjr5y1akl,Paradiso 2025|May-2025-I,Iniciación,5/8/2025,,,user_38w3kMPJn8vNMvILexCx95wSjTP,5/8/2025,,,,user_38w3kMPJn8vNMvILexCx95wSjTP,FALSE,,,,
,cml8g7ida009pnvhp2w0mlwx9,Paseo Suites El Valle - Q2 2025|Jun-2025-I,Propuesta Enviada,6/6/2025,,,user_39B2dgxxU9FpCItuDzDvGc7OYQV,6/6/2025,,,,user_39B2dgxxU9FpCItuDzDvGc7OYQV,FALSE,,,,
,cml8gzn6r00b3rbhpmgwqba2a,Patatous - Q4 2025|Sep-2025-I,Reunión,9/26/2025,,,user_38w3kMPJn8vNMvILexCx95wSjTP,9/26/2025,,,,user_38w3kMPJn8vNMvILexCx95wSjTP,FALSE,,,,
,cml8gzn9900b4rbhpnuicn61v,Patria By Poin - Q1 2026|Feb-2026-I,Iniciación,2/2/2026,,,user_38Uj1twycLFz2fclfdzW6SWOMQV,2/2/2026,,,,user_38Uj1twycLFz2fclfdzW6SWOMQV,FALSE,,,,
,cmk5zfx0201v2hpilz9hbaptf,Pedasí Nature Paradise - Q4 2025|Jul-2025-I,Reunión,7/25/2025,,,user_39B2dgxxU9FpCItuDzDvGc7OYQV,7/25/2025,,,,user_39B2dgxxU9FpCItuDzDvGc7OYQV,FALSE,,,,
,cmk5zianj02twhpil0gx77cap,Peggy Cookies 2025|Apr-2025-I,Iniciación,4/1/2025,,,user_38w3kMPJn8vNMvILexCx95wSjTP,4/1/2025,,,,user_38w3kMPJn8vNMvILexCx95wSjTP,FALSE,,,,
,cmk5xlezd009whpexwgj0rwr1,Perico Mañoso|Dec-2025-I,Iniciación,12/2/2025,,,user_38Uj1twycLFz2fclfdzW6SWOMQV,12/2/2025,,,,user_38Uj1twycLFz2fclfdzW6SWOMQV,FALSE,,,,
,cmk5xlezd009whpexwgj0rwr1,Perico Manoso Q4 2025|Nov-2025-I,Iniciación,11/14/2025,,,user_38J3Yv989jVwEUtbVk9VWJUVSxs,11/14/2025,,,,user_38J3Yv989jVwEUtbVk9VWJUVSxs,FALSE,,,,
,cml8g9j8000zhnvhpdqxdyxy7,Perro Rojo Pet Shop - Q1 2026|Feb-2026-I,Iniciación,2/6/2026,,,user_38w3kMPJn8vNMvILexCx95wSjTP,2/6/2026,,,,user_38w3kMPJn8vNMvILexCx95wSjTP,FALSE,,,,
,cml8gznne00b8rbhpxxfc7c0e,Perú Chicken 2025|Aug-2025-I,Iniciación,8/12/2025,,,user_39B2dgxxU9FpCItuDzDvGc7OYQV,8/12/2025,,,,user_39B2dgxxU9FpCItuDzDvGc7OYQV,FALSE,,,,
,cml8gznpw00b9rbhp521691ui,Pet Palace Q2 2025|May-2025-I,Reunión,5/14/2025,,,user_39B2dgxxU9FpCItuDzDvGc7OYQV,5/14/2025,,,,user_39B2dgxxU9FpCItuDzDvGc7OYQV,FALSE,,,,
,cmk5zhyay02ouhpil8whhayhd,PetEntrega|Dec-2025-I,Iniciación,12/10/2025,,,user_39B2dgxxU9FpCItuDzDvGc7OYQV,12/10/2025,,,,user_39B2dgxxU9FpCItuDzDvGc7OYQV,FALSE,,,,
,cml8gk5fe01oonvhpwl0oinoo,Picaran Grill - Q1 2026|Jan-2026-I,Iniciación,1/15/2026,,,user_39B2dgxxU9FpCItuDzDvGc7OYQV,1/15/2026,,,,user_39B2dgxxU9FpCItuDzDvGc7OYQV,FALSE,,,,
,cml8gznzv00bdrbhpcvoi8vpa,Picnic de la Calle Q2 2025|Mar-2025-I,Iniciación,3/27/2025,,,user_38w3kMPJn8vNMvILexCx95wSjTP,3/27/2025,,,,user_38w3kMPJn8vNMvILexCx95wSjTP,FALSE,,,,
,cmk5xkzy6003qhpex326xg9eh,Piggy Bite - Q1 2026|Feb-2026-I,Iniciación,2/2/2026,,,user_38w3kMPJn8vNMvILexCx95wSjTP,2/2/2026,,,,user_38w3kMPJn8vNMvILexCx95wSjTP,FALSE,,,,
,cmk5zdsbp00zkhpil2gbblqkl,Pipas & Cocadas - Q4 2025|Oct-2025-I,Iniciación,10/16/2025,,,user_38J3Yv989jVwEUtbVk9VWJUVSxs,10/16/2025,,,,user_38J3Yv989jVwEUtbVk9VWJUVSxs,FALSE,,,,
,cml8gzpd700bjrbhp2quupe59,Pizzería Verace |Dec-2025-I,Iniciación,12/18/2025,,,user_39B2dgxxU9FpCItuDzDvGc7OYQV,12/18/2025,,,,user_39B2dgxxU9FpCItuDzDvGc7OYQV,FALSE,,,,
,cmk5zg5sy01yohpilozl9vbw0,Planteceria - Q1 2026|Feb-2026-I,Iniciación,2/4/2026,,,user_38w3kMPJn8vNMvILexCx95wSjTP,2/4/2026,,,,user_38w3kMPJn8vNMvILexCx95wSjTP,FALSE,,,,
,cml8gzpjn00bkrbhpxuxf2xtc,Plastifom 2025|Feb-2025-I,Iniciación,2/6/2025,,,user_38J3Yv989jVwEUtbVk9VWJUVSxs,2/6/2025,,,,user_38J3Yv989jVwEUtbVk9VWJUVSxs,FALSE,,,,
,cmk5xkzog003mhpexgs356ysc,Play and Party - Q2 2026|Jan-2026-I,Iniciación,1/7/2026,,,user_38w3kMPJn8vNMvILexCx95wSjTP,1/7/2026,,,,user_38w3kMPJn8vNMvILexCx95wSjTP,FALSE,,,,
,cml8g7u6n00e8nvhpwrwy41yh,Plettamerica|May-2025-I,Iniciación,5/15/2025,,,user_39B2dgxxU9FpCItuDzDvGc7OYQV,5/15/2025,,,,user_39B2dgxxU9FpCItuDzDvGc7OYQV,FALSE,,,,
,cml8gzpoj00bmrbhp6hwejhoq,Popino - Q2 2025|Jun-2025-I,Iniciación,6/18/2025,,,user_38J3Yv989jVwEUtbVk9VWJUVSxs,6/18/2025,,,,user_38J3Yv989jVwEUtbVk9VWJUVSxs,FALSE,,,,
,cml8gzprg00bnrbhpz15itgs8,Porky Lobster - Q1 2026|Jan-2026-I,Iniciación,1/20/2026,,,user_39B2dgxxU9FpCItuDzDvGc7OYQV,1/20/2026,,,,user_39B2dgxxU9FpCItuDzDvGc7OYQV,FALSE,,,,
,cmk5zicwh02ushpil7lrz0nu1,Praia Amador 2025|Jan-2025-I,Iniciación,1/3/2025,,,user_39B2dgxxU9FpCItuDzDvGc7OYQV,1/3/2025,,,,user_39B2dgxxU9FpCItuDzDvGc7OYQV,FALSE,,,,
,cml8gzrpa00cdrbhpvdhi1fm1,Praia Veracruz - Q4 2025|Oct-2025-I,Iniciación,10/6/2025,,,user_38w3kMPJn8vNMvILexCx95wSjTP,10/6/2025,,,,user_38w3kMPJn8vNMvILexCx95wSjTP,FALSE,,,,
,cmk5z9l7g017thp0tg0jpuvoz,Prisma 2025|Sep-2025-I,Propuesta Enviada,9/3/2025,,,user_39B2dgxxU9FpCItuDzDvGc7OYQV,9/3/2025,,,,user_39B2dgxxU9FpCItuDzDvGc7OYQV,FALSE,,,,
,cmk5zgfrt022qhpilf12nzc0g,Pub23 - Q2 2025|May-2025-I,Iniciación,5/15/2025,,,user_38w3kMPJn8vNMvILexCx95wSjTP,5/15/2025,,,,user_38w3kMPJn8vNMvILexCx95wSjTP,FALSE,,,,
,cmk5zgfrt022qhpilf12nzc0g,Pub23 2025|Jan-2025-I,Iniciación,1/29/2025,,,user_39B2dgxxU9FpCItuDzDvGc7OYQV,1/29/2025,,,,user_39B2dgxxU9FpCItuDzDvGc7OYQV,FALSE,,,,
,cml8gzql600byrbhpu10imazp,Que Arepas - Q3 2025|May-2025-I,Iniciación,5/27/2025,,,user_38w3kMPJn8vNMvILexCx95wSjTP,5/27/2025,,,,user_38w3kMPJn8vNMvILexCx95wSjTP,FALSE,,,,
,cml8gzqnw00bzrbhppkofhq6p,Quilla Fast Food - Q2 2025|Jun-2025-I,Reunión,6/5/2025,,,user_39B2dgxxU9FpCItuDzDvGc7OYQV,6/5/2025,,,,user_39B2dgxxU9FpCItuDzDvGc7OYQV,FALSE,,,,
,cml8gzqq800c0rbhpnok6o2fi,Racing Kids|Jul-2025-I,Iniciación,7/9/2025,,,user_39B2dgxxU9FpCItuDzDvGc7OYQV,7/9/2025,,,,user_39B2dgxxU9FpCItuDzDvGc7OYQV,FALSE,,,,
,cmk5z8nai00tnhp0trukryz55,Rainforest Discovery Center - Q1 2025|Jan-2025-I,Reunión,1/14/2025,,,user_38w3kMPJn8vNMvILexCx95wSjTP,1/14/2025,,,,user_38w3kMPJn8vNMvILexCx95wSjTP,FALSE,,,,
,cmk5xl28d004ohpex969y0h3k,Raptors - Q3 2025|Aug-2025-I,Iniciación,8/13/2025,,,user_39B2dgxxU9FpCItuDzDvGc7OYQV,8/13/2025,,,,user_39B2dgxxU9FpCItuDzDvGc7OYQV,FALSE,,,,
,cml8gzqvb00c2rbhphw6zckdx,Ready Pizza 2025|Mar-2025-I,Iniciación,3/20/2025,,,user_38Uj1twycLFz2fclfdzW6SWOMQV,3/20/2025,,,,user_38Uj1twycLFz2fclfdzW6SWOMQV,FALSE,,,,
,cml8gzqxn00c3rbhpvv497t6g,Refugio Cariguana Q1 2025|Feb-2025-I,Iniciación,2/11/2025,,,user_39B2dgxxU9FpCItuDzDvGc7OYQV,2/11/2025,,,,user_39B2dgxxU9FpCItuDzDvGc7OYQV,FALSE,,,,
,cml8gzqzy00c4rbhpwaulhbaf,RENT A YACHT PTY |Sep-2025-I,Iniciación,9/4/2025,,,user_38w3kMPJn8vNMvILexCx95wSjTP,9/4/2025,,,,user_38w3kMPJn8vNMvILexCx95wSjTP,FALSE,,,,
,cml8gzr2a00c5rbhpcy301jns,Residencial El Valle Q1 2025|Feb-2025-I,Iniciación,2/12/2025,,,user_39B2dgxxU9FpCItuDzDvGc7OYQV,2/12/2025,,,,user_39B2dgxxU9FpCItuDzDvGc7OYQV,FALSE,,,,
,cml8gzr9c00c8rbhp8j1p8hfc,Rest. El Nacional - Q2 2025|May-2025-I,Reunión,5/7/2025,,,user_39B2dgxxU9FpCItuDzDvGc7OYQV,5/7/2025,,,,user_39B2dgxxU9FpCItuDzDvGc7OYQV,FALSE,,,,
,cml8gzrwa00cgrbhpt58ccbc5,Restaurante Veramar - Q1 2025|Jan-2025-I,Iniciación,1/23/2025,,,user_38w3kMPJn8vNMvILexCx95wSjTP,1/23/2025,,,,user_38w3kMPJn8vNMvILexCx95wSjTP,FALSE,,,,
,cml8g9obg011hnvhpwicgsmn7,Ricardo Pérez 2025|Apr-2025-I,Iniciación,4/4/2025,,,user_39B2dgxxU9FpCItuDzDvGc7OYQV,4/4/2025,,,,user_39B2dgxxU9FpCItuDzDvGc7OYQV,FALSE,,,,
,cml8gzm6800aqrbhp7jxsia1c,Río de Oro 2026|Jan-2026-I,Iniciación,1/12/2026,,,user_39B2dgxxU9FpCItuDzDvGc7OYQV,1/12/2026,,,,user_39B2dgxxU9FpCItuDzDvGc7OYQV,FALSE,,,,
,cml8gzs5p00ckrbhplqgpq96z,Roadster Diner |Jan-2025-I,Iniciación,1/22/2025,,,user_38w3kMPJn8vNMvILexCx95wSjTP,1/22/2025,,,,user_38w3kMPJn8vNMvILexCx95wSjTP,FALSE,,,,
,cmk5zckzf00hshpilpcqz9lzv,RoboThink 2025 |Feb-2025-I,Iniciación,2/6/2025,,,user_38J3Yv989jVwEUtbVk9VWJUVSxs,2/6/2025,,,,user_38J3Yv989jVwEUtbVk9VWJUVSxs,FALSE,,,,
,cmk5xlc3n008qhpextw5o7bjk,Rockefeller 2025|Jul-2025-I,Iniciación,7/18/2025,,,user_38Uj1twycLFz2fclfdzW6SWOMQV,7/18/2025,,,,user_38Uj1twycLFz2fclfdzW6SWOMQV,FALSE,,,,
,cml8gzsxc00cqrbhptw4psg3n,Ruta Activa |Dec-2025-I,Iniciación,12/15/2025,,,user_38w3kMPJn8vNMvILexCx95wSjTP,12/15/2025,,,,user_38w3kMPJn8vNMvILexCx95wSjTP,FALSE,,,,
,cmk5zenia01cehpil72oezpyg,Sabroso Panama - Q4 2025|Oct-2025-I,Reunión,10/13/2025,,,user_38J3Yv989jVwEUtbVk9VWJUVSxs,10/13/2025,,,,user_38J3Yv989jVwEUtbVk9VWJUVSxs,FALSE,,,,
,cml8gzt2300csrbhpgm0vifsb,Saint Honoré - Q1 2026|Jan-2026-I,Iniciación,1/20/2026,,,user_39B2dgxxU9FpCItuDzDvGc7OYQV,1/20/2026,,,,user_39B2dgxxU9FpCItuDzDvGc7OYQV,FALSE,,,,
,cml8gzt6v00curbhp81a43fjr,Salsipuedes 2025|Mar-2025-I,Iniciación,3/6/2025,,,user_39B2dgxxU9FpCItuDzDvGc7OYQV,3/6/2025,,,,user_39B2dgxxU9FpCItuDzDvGc7OYQV,FALSE,,,,
,cml8g71bv0032nvhpa7qqhcjw,San Blas Paradaise - Q1 2025|Jan-2025-I,Iniciación,1/30/2025,,,user_38w3kMPJn8vNMvILexCx95wSjTP,1/30/2025,,,,user_38w3kMPJn8vNMvILexCx95wSjTP,FALSE,,,,
,cml8gztgc00cyrbhpug0kp16y,San-blas MELITOURS  |Feb-2025-I,Iniciación,2/20/2025,,,user_38w3kMPJn8vNMvILexCx95wSjTP,2/20/2025,,,,user_38w3kMPJn8vNMvILexCx95wSjTP,FALSE,,,,
,cml8gzw3p00dqrbhpu2y5dqjn,Sanorama |Dec-2025-I,Iniciación,12/9/2025,,,user_38w3kMPJn8vNMvILexCx95wSjTP,12/9/2025,,,,user_38w3kMPJn8vNMvILexCx95wSjTP,FALSE,,,,
,cml8h4epx000k43hpl390ut9c,Sapphira Q3 2025|Jun-2025-I,Iniciación,6/26/2025,,,user_38w3kMPJn8vNMvILexCx95wSjTP,6/26/2025,,,,user_38w3kMPJn8vNMvILexCx95wSjTP,FALSE,,,,
,cml8gztpr00d2rbhp9fjgfp0z,Saquella |Nov-2025-I,Iniciación,11/12/2025,,,user_38w3kMPJn8vNMvILexCx95wSjTP,11/12/2025,,,,user_38w3kMPJn8vNMvILexCx95wSjTP,FALSE,,,,
,cml8gzu9p00d3rbhpe0fbq1oq,Savia|Dec-2025-I,Iniciación,12/10/2025,,,user_38w3kMPJn8vNMvILexCx95wSjTP,12/10/2025,,,,user_38w3kMPJn8vNMvILexCx95wSjTP,FALSE,,,,
,cmk5zivrv032ihpileskisxf6,Scarlett 2025|Jan-2025-I,Iniciación,1/24/2025,,,user_39B2dgxxU9FpCItuDzDvGc7OYQV,1/24/2025,,,,user_39B2dgxxU9FpCItuDzDvGc7OYQV,FALSE,,,,
,cml8gk5kb01oqnvhpx6r533gy,Score y sabor|Jan-2026-I,Iniciación,1/2/2026,,,user_39B2dgxxU9FpCItuDzDvGc7OYQV,1/2/2026,,,,user_39B2dgxxU9FpCItuDzDvGc7OYQV,FALSE,,,,
,cmk5zg3j601xqhpili3a8axn0,Selina 2025|Jan-2025-I,Iniciación,1/22/2025,,,user_38w3kMPJn8vNMvILexCx95wSjTP,1/22/2025,,,,user_38w3kMPJn8vNMvILexCx95wSjTP,FALSE,,,,
,cml8g8b5v00k7nvhpr8roxryc,Selva Terra|Jan-2026-I,Iniciación,1/7/2026,,,user_39B2dgxxU9FpCItuDzDvGc7OYQV,1/7/2026,,,,user_39B2dgxxU9FpCItuDzDvGc7OYQV,FALSE,,,,
,cmk5xlmn500d2hpexyj2cjqcn,Shawarma Al Nour - Q1 2026|Jan-2026-I,Iniciación,1/5/2026,,,user_38w3kMPJn8vNMvILexCx95wSjTP,1/5/2026,,,,user_38w3kMPJn8vNMvILexCx95wSjTP,FALSE,,,,
,cml8gzvjh00dirbhpun40p12g,Sirena SeaFoof - Q2 2025|May-2025-I,Propuesta Enviada,5/29/2025,,,user_38w3kMPJn8vNMvILexCx95wSjTP,5/29/2025,,,,user_38w3kMPJn8vNMvILexCx95wSjTP,FALSE,,,,
,cml8g8unl00q3nvhpffayo6u3,Skydive |Feb-2025-I,Reunión,2/6/2025,,,user_38J3Yv989jVwEUtbVk9VWJUVSxs,2/6/2025,,,,user_38J3Yv989jVwEUtbVk9VWJUVSxs,FALSE,,,,
,cml8gzvog00dkrbhpjsl11lcr,Smash Room 2025|Aug-2025-I,Iniciación,8/15/2025,,,user_38w3kMPJn8vNMvILexCx95wSjTP,8/15/2025,,,,user_38w3kMPJn8vNMvILexCx95wSjTP,FALSE,,,,
,cmk5xkzt9003ohpexlsvwvmhh,Smoke Factory - Q4 2025|Dec-2025-I,Iniciación,12/26/2025,,,user_38w3kMPJn8vNMvILexCx95wSjTP,12/26/2025,,,,user_38w3kMPJn8vNMvILexCx95wSjTP,FALSE,,,,
,cml8gzvwb00dnrbhpbtp2au2f,Soban Korean Cuisine - Q3 2025|Sep-2025-I,Iniciación,9/12/2025,,,user_38w3kMPJn8vNMvILexCx95wSjTP,9/12/2025,,,,user_38w3kMPJn8vNMvILexCx95wSjTP,FALSE,,,,
,cmk5xlepp009shpex65yj56eo,Society Dance Studio |Jul-2025-I,Iniciación,7/24/2025,,,user_38w3kMPJn8vNMvILexCx95wSjTP,7/24/2025,,,,user_38w3kMPJn8vNMvILexCx95wSjTP,FALSE,,,,
,cmk5xli3200b6hpex52dfnzyc,Sole Beach Club |May-2025-I,Iniciación,5/20/2025,,,user_38w3kMPJn8vNMvILexCx95wSjTP,5/20/2025,,,,user_38w3kMPJn8vNMvILexCx95wSjTP,FALSE,,,,
,cmk5zeaa4016yhpil9ulf0609,Soloy|Dec-2025-I,Iniciación,12/3/2025,,,user_38w3kMPJn8vNMvILexCx95wSjTP,12/3/2025,,,,user_38w3kMPJn8vNMvILexCx95wSjTP,FALSE,,,,
,cml8gzw6500drrbhp2nzztepw,Sophyas Perú - Q3 2025|Jun-2025-I,Reunión,6/27/2025,,,user_38w3kMPJn8vNMvILexCx95wSjTP,6/27/2025,,,,user_38w3kMPJn8vNMvILexCx95wSjTP,FALSE,,,,
,cml8gzw8n00dsrbhpuez42wsq,Sotam Tatoo Studio - Q4 2025|Sep-2025-I,Iniciación,9/11/2025,,,user_39B2dgxxU9FpCItuDzDvGc7OYQV,9/11/2025,,,,user_39B2dgxxU9FpCItuDzDvGc7OYQV,FALSE,,,,
,cml8gzwfr00dtrbhpnkg2e0nh,Soymarin Boats & Travels |Aug-2025-I,Iniciación,8/21/2025,,,user_39B2dgxxU9FpCItuDzDvGc7OYQV,8/21/2025,,,,user_39B2dgxxU9FpCItuDzDvGc7OYQV,FALSE,,,,
,cmk5xksew000mhpexsb9iv00j,Spice Market |Nov-2025-I,Iniciación,11/25/2025,,,user_38wAaycls2JvlpO8aN0PymrN8si,11/25/2025,,,,user_38wAaycls2JvlpO8aN0PymrN8si,FALSE,,,,
,cmk5xkxss002uhpexltvbdwdi,Studio Pets - Q1 2026|Jan-2026-I,Iniciación,1/23/2026,,,user_39B2dgxxU9FpCItuDzDvGc7OYQV,1/23/2026,,,,user_39B2dgxxU9FpCItuDzDvGc7OYQV,FALSE,,,,
,cmk5ziblg02uahpil8weogrpg,Sultán 2025|Sep-2025-I,Iniciación,9/22/2025,,,user_38w3kMPJn8vNMvILexCx95wSjTP,9/22/2025,,,,user_38w3kMPJn8vNMvILexCx95wSjTP,FALSE,,,,
,cml8g7d68007rnvhpfnw1pmdg,Summer Store - Q1 2026|Feb-2026-I,Iniciación,2/12/2026,,,user_39B2dgxxU9FpCItuDzDvGc7OYQV,2/12/2026,,,,user_39B2dgxxU9FpCItuDzDvGc7OYQV,FALSE,,,,
,cml8gaj1d01bwnvhpjmoasqcd,Summit Trampoline Park Q2 2025|Jun-2025-I,Reunión,6/3/2025,,,user_39B2dgxxU9FpCItuDzDvGc7OYQV,6/3/2025,,,,user_39B2dgxxU9FpCItuDzDvGc7OYQV,FALSE,,,,
,cmk5xl0m60040hpex7kg9egye,SunSet Beach Veracruz - Q2 2025|Mar-2025-I,Iniciación,3/18/2025,,,user_38w3kMPJn8vNMvILexCx95wSjTP,3/18/2025,,,,user_38w3kMPJn8vNMvILexCx95wSjTP,FALSE,,,,
,cml8gzwt300dyrbhplaf174ui,Sushark 2025|Feb-2025-I,Iniciación,2/19/2025,,,user_38w3kMPJn8vNMvILexCx95wSjTP,2/19/2025,,,,user_38w3kMPJn8vNMvILexCx95wSjTP,FALSE,,,,
,cml8g9gfj00yinvhpu6gf2kum,Suvlas|Nov-2025-I,Iniciación,11/19/2025,,,user_38w3kMPJn8vNMvILexCx95wSjTP,11/19/2025,,,,user_38w3kMPJn8vNMvILexCx95wSjTP,FALSE,,,,
,cmk5zcvdt00m2hpilo1hyiijf,Swimming Panama|Apr-2025-I,Iniciación,4/10/2025,,,user_38w3kMPJn8vNMvILexCx95wSjTP,4/10/2025,,,,user_38w3kMPJn8vNMvILexCx95wSjTP,FALSE,,,,
,cml8gzx0g00e1rbhp100bqe1q,Syslab Soluciones y Servicios - Q1 2025|Jan-2025-I,Reunión,1/28/2025,,,user_39B2dgxxU9FpCItuDzDvGc7OYQV,1/28/2025,,,,user_39B2dgxxU9FpCItuDzDvGc7OYQV,FALSE,,,,
,cmk5zhj6n02imhpilecrwqafr,Tacos El Rey - Q2 2025|Apr-2025-I,Iniciación,4/3/2025,,,user_39B2dgxxU9FpCItuDzDvGc7OYQV,4/3/2025,,,,user_39B2dgxxU9FpCItuDzDvGc7OYQV,FALSE,,,,
,cmk5zhj6n02imhpilecrwqafr,Tacos el rey 1- 2026|Jan-2026-I,Iniciación,1/13/2026,,,user_38w3kMPJn8vNMvILexCx95wSjTP,1/13/2026,,,,user_38w3kMPJn8vNMvILexCx95wSjTP,FALSE,,,,
,cmk5zf5k301jshpil2uz90fyn,Tacoscholula - Q4 2025|Oct-2025-I,Reunión,10/30/2025,,,user_38w3kMPJn8vNMvILexCx95wSjTP,10/30/2025,,,,user_38w3kMPJn8vNMvILexCx95wSjTP,FALSE,,,,
,cmk5z9aju013dhp0tj2dm0tvo,Tambor - Q1 2026|Jan-2026-I,Iniciación,1/20/2026,,,user_38J3Yv989jVwEUtbVk9VWJUVSxs,1/20/2026,,,,user_38J3Yv989jVwEUtbVk9VWJUVSxs,FALSE,,,,
,cmk5zho0s02kmhpilk1estkyf,Teatro Metropolitan Q4 Curso 2025|Oct-2025-I,Iniciación,10/31/2025,,,user_39B2dgxxU9FpCItuDzDvGc7OYQV,10/31/2025,,,,user_39B2dgxxU9FpCItuDzDvGc7OYQV,FALSE,,,,
,cmk5z8k6y00sdhp0t432d1v8e,TECH AND  HOUSE  |Jan-2026-I,Iniciación,1/21/2026,,,user_38w3kMPJn8vNMvILexCx95wSjTP,1/21/2026,,,,user_38w3kMPJn8vNMvILexCx95wSjTP,FALSE,,,,
,cml8gzxs500earbhpai6xpksz,Teque chevere 2025|Jun-2025-I,Iniciación,6/11/2025,,,user_39B2dgxxU9FpCItuDzDvGc7OYQV,6/11/2025,,,,user_39B2dgxxU9FpCItuDzDvGc7OYQV,FALSE,,,,
,cml8gzxzk00edrbhpi8lj30hd,TFG Producers |Dec-2025-I,Iniciación,12/19/2025,,,user_38J3Yv989jVwEUtbVk9VWJUVSxs,12/19/2025,,,,user_38J3Yv989jVwEUtbVk9VWJUVSxs,FALSE,,,,
,cml8gzy2500eerbhp45hhiurm,THE BEAUTY SHOP |Mar-2025-I,Iniciación,3/18/2025,,,user_39B2dgxxU9FpCItuDzDvGc7OYQV,3/18/2025,,,,user_39B2dgxxU9FpCItuDzDvGc7OYQV,FALSE,,,,
,cmk5xkv3o001qhpexo8i8c5nw,The Bristol Hotel 2025|Jan-2025-I,Iniciación,1/23/2025,,,user_38w3kMPJn8vNMvILexCx95wSjTP,1/23/2025,,,,user_38w3kMPJn8vNMvILexCx95wSjTP,FALSE,,,,
,cml8gywmn003rrbhpmrbexj6j,The Cream Heroes|Nov-2025-I,Iniciación,11/27/2025,,,user_38w3kMPJn8vNMvILexCx95wSjTP,11/27/2025,,,,user_38w3kMPJn8vNMvILexCx95wSjTP,FALSE,,,,
,cml8g856f00i1nvhpro82y4t6,The Dental Studio Obarrio |Jan-2026-I,Iniciación,1/23/2026,,,user_38w3kMPJn8vNMvILexCx95wSjTP,1/23/2026,,,,user_38w3kMPJn8vNMvILexCx95wSjTP,FALSE,,,,
,cml8gzy7600egrbhp937ntd3p,The Donut Lab|Dec-2025-I,Iniciación,12/22/2025,,,user_39B2dgxxU9FpCItuDzDvGc7OYQV,12/22/2025,,,,user_39B2dgxxU9FpCItuDzDvGc7OYQV,FALSE,,,,
,cml8gzymm00elrbhpvp7beyas,The Lube Xpress - Q3 2025|Jun-2025-I,Reunión,6/30/2025,,,user_39B2dgxxU9FpCItuDzDvGc7OYQV,6/30/2025,,,,user_39B2dgxxU9FpCItuDzDvGc7OYQV,FALSE,,,,
,cml8gzyp300emrbhpu09qkvnu,The Luxor  |Apr-2025-I,Iniciación,4/15/2025,,,user_39B2dgxxU9FpCItuDzDvGc7OYQV,4/15/2025,,,,user_39B2dgxxU9FpCItuDzDvGc7OYQV,FALSE,,,,
,cmk5zisy7031chpil8bbun3en,The yard |Oct-2025-I,Iniciación,10/14/2025,,,user_39B2dgxxU9FpCItuDzDvGc7OYQV,10/14/2025,,,,user_39B2dgxxU9FpCItuDzDvGc7OYQV,FALSE,,,,
,cmk5xleid009qhpexy93vz5t5,The Yoga Place|Aug-2025-I,Iniciación,8/14/2025,,,user_39B2dgxxU9FpCItuDzDvGc7OYQV,8/14/2025,,,,user_39B2dgxxU9FpCItuDzDvGc7OYQV,FALSE,,,,
,cmk5zijco02xghpilpto0v0j4,Tiger Sugar |Jan-2025-I,Iniciación,1/22/2025,,,user_38J3Yv989jVwEUtbVk9VWJUVSxs,1/22/2025,,,,user_38J3Yv989jVwEUtbVk9VWJUVSxs,FALSE,,,,
,cmk5xlhjo00ayhpexdm6i5img,Toby Pets Group - Q1 2026|Jan-2026-I,Iniciación,1/16/2026,,,user_38w3kMPJn8vNMvILexCx95wSjTP,1/16/2026,,,,user_38w3kMPJn8vNMvILexCx95wSjTP,FALSE,,,,
,cmk5xl4uf005qhpexvvs2xwq1,Tokyo Station 2025|May-2025-I,Iniciación,5/6/2025,,,user_38w3kMPJn8vNMvILexCx95wSjTP,5/6/2025,,,,user_38w3kMPJn8vNMvILexCx95wSjTP,FALSE,,,,
,cmk5zdk5300w8hpil0xmmx0m1,tomato 2025|Aug-2025-I,Iniciación,8/20/2025,,,user_38w3kMPJn8vNMvILexCx95wSjTP,8/20/2025,,,,user_38w3kMPJn8vNMvILexCx95wSjTP,FALSE,,,,
,cmk5zgqnx0276hpilyxtxdrh2,Toño's Bakery|Aug-2025-I,Iniciación,8/29/2025,,,user_38w3kMPJn8vNMvILexCx95wSjTP,8/29/2025,,,,user_38w3kMPJn8vNMvILexCx95wSjTP,FALSE,,,,
,cml8gzzu700evrbhpc2oy9g6j,Top Gun 2025|Jan-2025-I,Iniciación,1/23/2025,,,user_38w3kMPJn8vNMvILexCx95wSjTP,1/23/2025,,,,user_38w3kMPJn8vNMvILexCx95wSjTP,FALSE,,,,
,cml8gzzwk00ewrbhpp7l4zex4,Tourism Guide Services - Q3 2025|Sep-2025-I,Iniciación,9/10/2025,,,user_38w3kMPJn8vNMvILexCx95wSjTP,9/10/2025,,,,user_38w3kMPJn8vNMvILexCx95wSjTP,FALSE,,,,
,cml8gzzyw00exrbhp6y0y6wgg,training shoot range 2025|Mar-2025-I,Iniciación,3/5/2025,,,user_38w3kMPJn8vNMvILexCx95wSjTP,3/5/2025,,,,user_38w3kMPJn8vNMvILexCx95wSjTP,FALSE,,,,
,cml8h005z00f0rbhpffpxm8a1,Tu Divina Sonrisa -Q1 2026|Jan-2026-I,Reunión,1/2/2026,,,user_38w3kMPJn8vNMvILexCx95wSjTP,1/2/2026,,,,user_38w3kMPJn8vNMvILexCx95wSjTP,FALSE,,,,
,cml8g9ad900w5nvhps35bv4qv,Undercover 2025|May-2025-I,Iniciación,5/21/2025,,,user_38w3kMPJn8vNMvILexCx95wSjTP,5/21/2025,,,,user_38w3kMPJn8vNMvILexCx95wSjTP,FALSE,,,,
,cml8h00t400f4rbhpmgbnzbtl,Universum -Q1 2026|Jan-2026-I,Iniciación,1/20/2026,,,user_39B2dgxxU9FpCItuDzDvGc7OYQV,1/20/2026,,,,user_39B2dgxxU9FpCItuDzDvGc7OYQV,FALSE,,,,
,cmk5xlgvo00aohpexakzbwzy3,Urban Chic Nails |Sep-2025-I,Iniciación,9/3/2025,,,user_38w3kMPJn8vNMvILexCx95wSjTP,9/3/2025,,,,user_38w3kMPJn8vNMvILexCx95wSjTP,FALSE,,,,
,cml8h00vi00f5rbhp7d5h9opc,Utopia Bakery - Q2 2025|Jun-2025-I,Iniciación,6/18/2025,,,user_38w3kMPJn8vNMvILexCx95wSjTP,6/18/2025,,,,user_38w3kMPJn8vNMvILexCx95wSjTP,FALSE,,,,
,cml8h010900f7rbhpe5v87xfl,Vanity Lash & nails |Sep-2025-I,Iniciación,9/3/2025,,,user_38w3kMPJn8vNMvILexCx95wSjTP,9/3/2025,,,,user_38w3kMPJn8vNMvILexCx95wSjTP,FALSE,,,,
,cmk5xl46c005ghpex6xlcnzx5,Vanity Spa|Apr-2025-I,Iniciación,4/1/2025,,,user_38w3kMPJn8vNMvILexCx95wSjTP,4/1/2025,,,,user_38w3kMPJn8vNMvILexCx95wSjTP,FALSE,,,,
,cml8h012n00f8rbhpnascf6bu,Varieta - Q1 2026|Feb-2026-I,Iniciación,2/13/2026,,,user_39B2dgxxU9FpCItuDzDvGc7OYQV,2/13/2026,,,,user_39B2dgxxU9FpCItuDzDvGc7OYQV,FALSE,,,,
,cmk5xln1i00d8hpexpb4iwsq7,Veterinaria Mundo Animal |Nov-2025-I,Iniciación,11/7/2025,,,user_38w3kMPJn8vNMvILexCx95wSjTP,11/7/2025,,,,user_38w3kMPJn8vNMvILexCx95wSjTP,FALSE,,,,
,cml8g9i9r00z5nvhplpq7vl0s,Village at the Pool - q3 2025|Aug-2025-I,Reunión,8/21/2025,,,user_38w3kMPJn8vNMvILexCx95wSjTP,8/21/2025,,,,user_38w3kMPJn8vNMvILexCx95wSjTP,FALSE,,,,
,cml8h01i700ferbhp6pycwbgo,Vinyl Rebellion - Q4 2025|Nov-2025-I,Reunión,11/7/2025,,,user_38w3kMPJn8vNMvILexCx95wSjTP,11/7/2025,,,,user_38w3kMPJn8vNMvILexCx95wSjTP,FALSE,,,,
,cmk5xlnpn00dihpexl0nggfz6,ViPets - Q1 2026|Dec-2025-I,Iniciación,12/10/2025,,,user_38w3kMPJn8vNMvILexCx95wSjTP,12/10/2025,,,,user_38w3kMPJn8vNMvILexCx95wSjTP,FALSE,,,,
,cmk5xlo8x00dqhpexydn48uh7,Vitality Fisioterapia - Q1 2026|Jan-2026-I,Reunión,1/27/2026,,,user_39B2dgxxU9FpCItuDzDvGc7OYQV,1/27/2026,,,,user_39B2dgxxU9FpCItuDzDvGc7OYQV,FALSE,,,,
,cmk5xla84007yhpexlmjzlog3,VivaSkin - Q3 2025|Jun-2025-I,Iniciación,6/25/2025,,,user_38w3kMPJn8vNMvILexCx95wSjTP,6/25/2025,,,,user_38w3kMPJn8vNMvILexCx95wSjTP,FALSE,,,,
,cml8h01pf00fhrbhp60oj3uvl,VR Park VIP - Q3 2025|Aug-2025-I,Reunión,8/1/2025,,,user_39B2dgxxU9FpCItuDzDvGc7OYQV,8/1/2025,,,,user_39B2dgxxU9FpCItuDzDvGc7OYQV,FALSE,,,,
,cmk5zfp6z01ruhpilxmiu9g30,Wah Kee - Q3 2025|Jun-2025-I,Reunión,6/30/2025,,,user_38w3kMPJn8vNMvILexCx95wSjTP,6/30/2025,,,,user_38w3kMPJn8vNMvILexCx95wSjTP,FALSE,,,,
,cml8h01u600fjrbhpcca3vim1,Walter Bakery 2025|Sep-2025-I,Iniciación,9/3/2025,,,user_39B2dgxxU9FpCItuDzDvGc7OYQV,9/3/2025,,,,user_39B2dgxxU9FpCItuDzDvGc7OYQV,FALSE,,,,
,cml8h01z000flrbhpngerm8sw,We Smile |Feb-2025-I,Iniciación,2/26/2025,,,user_38w3kMPJn8vNMvILexCx95wSjTP,2/26/2025,,,,user_38w3kMPJn8vNMvILexCx95wSjTP,FALSE,,,,
,cmk5zcgzh00g6hpil12vxpwv7,Weber - Q3 2025|Sep-2025-I,Iniciación,9/8/2025,,,user_39B2dgxxU9FpCItuDzDvGc7OYQV,9/8/2025,,,,user_39B2dgxxU9FpCItuDzDvGc7OYQV,FALSE,,,,
,cmk5xlmwp00d6hpexvmr5a0o3,Wetzel's Pretzels|Oct-2025-I,Iniciación,10/21/2025,,,user_38w3kMPJn8vNMvILexCx95wSjTP,10/21/2025,,,,user_38w3kMPJn8vNMvILexCx95wSjTP,FALSE,,,,
,cml8h021e00fmrbhpde0udoy4,Wimpys (Condado del Rey-Albrook-12 de Octubre) - Q4 2025|Nov-2025-I,Reunión,11/7/2025,,,user_38w3kMPJn8vNMvILexCx95wSjTP,11/7/2025,,,,user_38w3kMPJn8vNMvILexCx95wSjTP,FALSE,,,,
,cmk5xl58x005whpexeu0ge1tt,Wing Zone|May-2025-I,Iniciación,5/12/2025,,,user_39B2dgxxU9FpCItuDzDvGc7OYQV,5/12/2025,,,,user_39B2dgxxU9FpCItuDzDvGc7OYQV,FALSE,,,,
,cmk5xl2rp004whpex5dr00gh5,Wing Zone El Dorado |Mar-2025-I,Iniciación,3/5/2025,,,user_38w3kMPJn8vNMvILexCx95wSjTP,3/5/2025,,,,user_38w3kMPJn8vNMvILexCx95wSjTP,FALSE,,,,
,cmk5xl1yp004khpex5fjrnaiz,Wish Land 2025|Mar-2025-I,Iniciación,3/24/2025,,,user_39B2dgxxU9FpCItuDzDvGc7OYQV,3/24/2025,,,,user_39B2dgxxU9FpCItuDzDvGc7OYQV,FALSE,,,,
,cmk5zhn2x02k8hpilsh1a0va2,Xmas edition|Dec-2025-I,Iniciación,12/2/2025,,,user_39B2dgxxU9FpCItuDzDvGc7OYQV,12/2/2025,,,,user_39B2dgxxU9FpCItuDzDvGc7OYQV,FALSE,,,,
,cmk5xky7c0030hpexf2n7cyyu,Xtreme Land - Q2 2026|Feb-2026-I,Iniciación,2/18/2026,,,user_39B2dgxxU9FpCItuDzDvGc7OYQV,2/18/2026,,,,user_39B2dgxxU9FpCItuDzDvGc7OYQV,FALSE,,,,
,cmk5z840700lphp0t4hnlhl4z,Yogen Fruz - Q4 2025|Oct-2025-I,Reunión,10/6/2025,,,user_39B2dgxxU9FpCItuDzDvGc7OYQV,10/6/2025,,,,user_39B2dgxxU9FpCItuDzDvGc7OYQV,FALSE,,,,
,cml8h02fj00fsrbhpto539nyw,Zielo 2025|Feb-2025-I,Iniciación,2/19/2025,,,user_39B2dgxxU9FpCItuDzDvGc7OYQV,2/19/2025,,,,user_39B2dgxxU9FpCItuDzDvGc7OYQV,FALSE,,,,
,cml8h02fj00fsrbhpto539nyw,Zielo 2025|Feb-2025-I,Iniciación,2/19/2025,,,user_39B2dgxxU9FpCItuDzDvGc7OYQV,2/19/2025,,,,user_39B2dgxxU9FpCItuDzDvGc7OYQV,FALSE,,,,